0,'ms Nancy Potts',2009/08/26,N RUSSELL ST,Portland,97227,OR,475-430-0301,
1,'Mr John Cooper-Lara',1904/10/13,JEFFERSON PKWY,Portland,97035,OR,203-396-1450,
2,'Mr. Michael Newport',1957/11/02,SE 82ND DR,Portland,97015,OR,704-330-9669,
3,'Rebeccah Potavin',1977/01/16,SE 10TH ST,Portland,97080,OR,330-135-1964,
4,'Marshall Roberts',1940/08/19,JACOBY RD,Portland,97055,OR,544-382-3867,
5,'Ms. Deborah Cookson',1928/08/13,KENNEL AVE,Portland,97038,OR,534-731-8897,
6,'Ms. Sheila Watson',1933/08/04,SE 50TH AVE,Portland,97206,OR,456-704-7787,
7,'Mr. Tim Elder',1953/04/07,SW CENTER ST,Portland,97005,OR,303-032-4544,
8,'Mr. Larry Tatalovich',1994/05/29,CARMAN DR,Portland,97035,OR,461-593-1456,
9,'Ms. Sue Sullivan',1931/06/21,S HATTAN RD,Portland,97045,OR,555-221-6442,
10,'NANCY HILL',1954/08/31,SE WASHINGTON ST,Portland,97216,OR,337-186-9692,
11,'Ms. Beatrice Moore',1955/04/06,SW BROOKRIDGE ST,Portland,97225,OR,676-142-7314,
12,'06',1953/06/25,NE SHORE VIEW DR,Portland,97024,OR,116-117-3050,
13,'Ms. Maureen Tollman',1967/04/06,SW BEDFORD ST,Portland,97224,OR,100-363-3780,
14,'Mr. William Culbertson',1992/07/13,SE 37TH AVE,Portland,97222,OR,640-251-6799,
15,'David Sandoval',1994/12/13,SW WILLOW TOP LN,Portland,97224,OR,764-652-3646,
16,'MS JODY COTE',1916/03/23,NE MARTIN LUTHER KING JR BLVD,Portland,97211,OR,772-060-0268,
17,'Mr. Wayne Kastrinos',1970/03/21,SW HORIZON BLVD,Portland,97007,OR,660-010-9346,
18,'Ms. Hillary Rusk',1937/03/11,N STAFFORD ST,Portland,97217,OR,545-587-1052,
19,'Ms. AJ Wells',1957/02/27,VINE ST,Portland,97045,OR,446-375-9035,
20,'Ms. Merry Lauer',1972/07/16,NE FLANDERS ST,Portland,97213,OR,201-739-3162,
21,'Mr Larry Bard',2003/03/22,SE TAYLOR ST,Portland,97233,OR,471-734-4020,
22,'Ms. Suzann Gallis',1966/11/25,NE ZACHARY ST,Portland,97124,OR,247-719-6002,
23,'Mr. Christopher Houk',1982/09/07,SW WAKKILA TER,Portland,97007,OR,531-093-8517,
24,'Mr. Raymond Walker Jr.',1962/07/21,SW SCHAEFFER RD,Portland,97068,OR,565-365-0692,
25,'Susan Quinlon',1946/10/12,SE MADRONA DR,Portland,97222,OR,227-721-1798,
26,'Mr Bill Whaley',1995/07/11,SW HEARTHSIDE CT,Portland,97223,OR,530-623-1515,
27,'OFFICER TOM OWSLEY',1982/08/10,NE 32ND AVE,Portland,97211,OR,364-292-6490,
28,'Mr. Mike Pankau',1955/01/25,NW MILLSTONE WAY,Portland,97229,OR,225-687-5047,
29,'Mr. Dave Plew',1954/06/02,N BURRAGE AVE,Portland,97217,OR,656-580-4109,
30,'Mr. Cliff Neal',1936/04/27,SE INA AVE,Portland,97267,OR,501-038-0491,
31,'Mr. William (Bill) Locke',1917/10/07,SW FRANCES ST,Portland,97003,OR,225-010-4014,
32,'Ms. Elisabeth Franco',1983/10/02,LLOYD CENTER,Portland,97232,OR,353-034-9669,
33,'Ms. Dolores Rios Herrera',1973/07/07,S IVY ST,Portland,97013,OR,667-054-3783,
34,'Mr. Louis Snow',1988/05/10,SW GEARHART DR,Portland,97007,OR,143-283-9753,
35,'Mr. Billy Oliverio',1977/08/01,SW STURGES LN,Portland,97060,OR,622-740-5590,
36,'Ms. Cathy Riemersma',1937/05/17,NE 37TH AVE,Portland,97211,OR,360-566-6608,
37,'Edith Portillo',1921/12/30,VALLEY CREST WAY,Portland,97116,OR,173-665-1637,
38,'Ms. Carmen Kbier',2002/11/27,E BURNSIDE ST,Portland,97233,OR,626-000-2034,
39,'David Sandoval',2000/09/18,MAIN ST,Portland,97116,OR,545-291-2090,
40,'Mr. Lance Rampy',1978/07/01,SW PHYLLIS CT,Portland,97030,OR,700-439-6596,
41,'Ms. Liz Miranda',1993/05/14,SE 37TH AVE,Portland,97214,OR,447-048-2514,
42,'R.E. GUILLION',1946/06/14,SE JENNINGS AVE,Portland,97267,OR,420-606-3177,
43,'Ms. Candice Nordman',1987/03/06,SW TEAL BLVD,Portland,97007,OR,545-206-3458,
44,'Mr. David Dyer',2003/07/03,SE POWELL BLVD,Portland,97206,OR,105-327-0798,
45,'Ms. Valerie Miraglia',1976/11/27,SW 6TH AVENUE DR,Portland,97239,OR,462-407-0616,
46,'Robin Moreno',1903/02/27,SE 3RD AVE,Portland,97123,OR,304-643-7695,
47,'Mr. Marcel Tutt',2006/12/04,SE 172ND AVE,Portland,97233,OR,251-638-8329,
48,'MR ARNOLD JURN',2008/11/06,SW HALL BLVD,Portland,97223,OR,455-494-3806,
49,'Mr. Ron Freinmark',1961/03/04,N FARRAGUT ST,Portland,97217,OR,147-665-3954,
50,'MR TIMOTHY BERG',1926/01/05,FENTON AVE,Portland,97038,OR,707-606-2717,
51,'Mr. Dustin Snow',1963/01/16,NW SHATTUCK WAY,Portland,97030,OR,623-444-5534,
52,'Mr. Michael Miles',1935/11/14,SW RALEIGHWOOD CT,Portland,97221,OR,317-527-0063,
53,'Ms. AJ Wells',1974/01/01,SE 122ND AVE,Portland,97236,OR,110-089-2905,
54,'Ms. Willie Wady',1992/11/26,NW EVERETT ST,Portland,97209,OR,721-368-9297,
55,'Mr. Norris Cecil',1997/01/03,SE MORRISON ST,Portland,97215,OR,342-559-8666,
56,'Sharon Sheils',1922/08/07,SE OAK ST,Portland,97214,OR,552-202-8686,
57,'Mr. Philip Zeblisky',1952/09/16,S RIVER PKWY,Portland,97239,OR,433-616-6838,
58,'Daniel Troncoso',1902/05/21,SE 37TH AVE,Portland,97123,OR,401-641-9460,
59,'Diane Welch',1965/09/23,NE 40TH AVE,Portland,97211,OR,527-624-4143,
60,'Ms. Sallie McCutcheon',1915/05/21,SE JOHNSON CREEK BLVD,Portland,97206,OR,720-662-3286,
61,'Mr. Ken Schwab',1980/03/14,NE HUMBOLDT ST,Portland,97220,OR,147-700-6198,
62,'Eric Bron',1956/11/20,SE STARK ST,Portland,97233,OR,212-218-9487,
63,'Mrs. Lee Brice',1908/04/08,N MISSISSIPPI AVE,Portland,97227,OR,476-466-9580,
64,'Connie Peretz',1952/04/17,S ALPINE DR,Portland,97113,OR,322-057-2405,
65,'Ms. Betty Garibaldi',1933/02/02,N WATTS ST,Portland,97217,OR,221-141-2584,
66,'MR DOUG DICKSON',1991/08/13,MEADOWS RD,Portland,97035,OR,215-466-1182,
67,'Ms. Silvia Salas',1919/06/17,FILBERT ST,Portland,97116,OR,547-101-8541,
68,'Mr Leo Barabe',1916/07/18,HWY 213,Portland,97045,OR,655-499-4837,
69,'Mr John Fournier',1944/03/08,SE ORCHARD LN,Portland,97086,OR,325-736-1267,
70,'Ms. Barbara Keene',1999/06/03,SE 41ST AVE,Portland,97214,OR,175-707-5658,
71,'Mr. John M. Schroeder',1934/11/12,NW PAINTED MOUNTAIN DR,Portland,97006,OR,325-485-4142,
72,'Ms. Constance Combs',2009/07/06,SW MILLIKAN WAY,Portland,97003,OR,224-398-3890,
73,'Domnick Eger',2010/11/07,SE FLAVEL ST,Portland,97266,OR,373-479-6350,
74,'Lisa Arango',1950/05/06,NE GREENWAY DR,Portland,97030,OR,536-634-8505,
75,'C Rose',1988/10/07,SE LINWOOD AVE,Portland,97222,OR,470-037-7513,
76,'Ms Linda Kaufman',1919/01/01,S HWY 211,Portland,97017,OR,513-643-2215,
77,'Martin Corona',1988/02/07,SE TAYLOR ST,Portland,97216,OR,253-000-5302,
78,'Mrs. Larisa Balderrama',2000/08/25,NE GLISAN ST,Portland,97220,OR,437-481-0932,
79,'Mr. Dan Trozzi',2009/02/09,SW 18TH CT,Portland,97080,OR,146-552-1230,
80,'Ms. Shelina Mandalia',1961/11/06,SE 86TH AVE,Portland,97266,OR,334-652-4030,
81,'Ms. Deborah Shofner',2006/06/08,SW 257TH AVE,Portland,97060,OR,472-559-7196,
82,'Ms. Kay Shepard',1989/07/20,NW CORNELL RD,Portland,97006,OR,116-560-1551,
83,'Ms Angela Pasere',1940/08/07,SE DIVISION ST,Portland,97236,OR,767-538-1212,
84,'Ms. Christy Walker',1926/02/02,SW BELVIDERE PL,Portland,97225,OR,332-307-0551,
85,'Ms. Sue Sullivan',1947/10/30,SE HUBBARD TER,Portland,97015,OR,432-508-5426,
86,'ROBERT ARNOLD',2007/11/28,SE ORIENT DR,Portland,97080,OR,175-085-6185,
87,'Mr. Jay Hofland',1975/06/08,SE DIVISION ST,Portland,97030,OR,464-126-7206,
88,'Sue McCann',1941/02/19,MOLALLA AVE,Portland,97045,OR,336-517-4308,
89,'Maria Cisneros',1962/05/10,SE MARION ST,Portland,97202,OR,524-495-9641,
90,'Ms. Jeanne Matt',1984/08/26,SE BOISE ST,Portland,97266,OR,152-550-7262,
91,'Mr. Brett Carr',1905/04/15,SE DUNHILL LOOP,Portland,97089,OR,200-487-3175,
92,'Ms. Norma Veach',1919/11/05,SE DEE ZEE CT,Portland,97009,OR,151-078-2640,
93,'Miguel Moreno',1958/04/11,NE 150TH AVE,Portland,97230,OR,133-047-8579,
94,'Ms. Gloria Marsigua',1941/09/05,SW HENRY ST,Portland,97005,OR,206-287-9346,
95,'Ms. Joni Hensman',1934/07/15,SW ROSEDALE RD,Portland,97078,OR,403-211-1882,
96,'Mr Francis Pameticky',1971/05/10,NE LADDINGTON CT,Portland,97232,OR,125-010-7468,
97,'Ms. Elisabeth Franco',1957/09/21,NE OREGON ST,Portland,97230,OR,567-433-3225,
98,'Dr. Frank Beaudrot',2000/06/14,SPRING ROCK CIR,Portland,97068,OR,222-504-8094,
99,'Ms. Nicki Devlin',1914/12/08,S 1ST AVE,Portland,97123,OR,464-555-1684,
100,'Mr. William Culbertson',1940/12/30,SE WOLL POND WAY,Portland,97123,OR,464-046-8216,
101,'Mr. Harry Garewal',1976/03/11,NE 63RD WAY,Portland,97124,OR,250-632-4407,
102,'Mr. Mike Hinson',1970/08/23,NE ONEONTA ST,Portland,97211,OR,100-613-7794,
103,'Suzanne Forman',1984/02/22,SE 43RD CT,Portland,97123,OR,114-133-5336,
104,'Connie Peretz',1959/10/27,SW HUNT CT,Portland,97070,OR,735-498-4324,
105,'Mr. Kimberly G. Moody',1978/07/08,NE PACIFIC ST,Portland,97220,OR,305-358-2129,
106,'Ms. Dorothy Monce',1987/06/05,NW 12TH AVE,Portland,97209,OR,557-171-0790,
107,'Mr. Greg Vannoni',1937/10/06,SE 85TH AVE,Portland,97216,OR,665-034-5332,
108,'Mr. Robert Warnicke',2009/05/28,MCKILLICAN ST,Portland,97068,OR,365-420-1322,
109,'Mr. Martin Tirado',2005/01/18,SE HWY 211,Portland,97055,OR,163-465-3393,
110,'Ms. Lynda Adams',1973/05/06,OVERLOOK DR,Portland,97034,OR,534-592-7369,
111,'Brenda Leonard',1914/12/24,S LOCUST ST,Portland,97013,OR,570-094-8837,
112,'Mr. Carlos Avila',1998/01/16,SE 18TH AVE,Portland,97202,OR,550-134-7695,
113,'Jakki Waldecker',1995/03/01,SW 84TH PL,Portland,97224,OR,465-595-1182,
114,'Mr. Mark Vinci',1904/11/07,SW HORIZON BLVD,Portland,97007,OR,100-074-5210,
115,'Mr. Will Gardner',1920/10/12,SW 153RD DR,Portland,97003,OR,630-331-2614,
116,'Mr. John M. Schroeder',1942/06/28,SW OREGON JADE LN,Portland,97007,OR,676-681-0985,
117,'Betty Rutherford',1915/06/01,SW LOGAN ST,Portland,97219,OR,666-266-7298,
118,'Mr. Bill Truett',1904/12/01,SW VALERIA VIEW DR,Portland,97225,OR,522-061-7353,
119,'Ms. Joan Scheunemann',1925/05/19,SW VIEW POINT TER,Portland,97239,OR,562-709-2317,
120,'Ms. Luz Mireles',1936/10/29,NE AVERY WAY,Portland,97006,OR,376-595-5026,
121,'Ms Nancy Allen',1962/11/11,SW HOFFMAN AVE,Portland,97201,OR,356-573-5547,
122,'Bob & Dottie Butkiewicz',2010/04/23,SE POWELL BLVD,Portland,97206,OR,306-631-8485,
123,'8070 Gail Morgan',1987/06/08,SW 6TH ST,Portland,97005,OR,146-665-3301,
124,'John Cabezas',2005/02/25,S BOND AVE,Portland,97239,OR,634-344-0061,
125,'Mr. Jay Hofland',1984/05/31,NW EMERALD CANYON DR,Portland,97229,OR,764-586-8580,
126,'Ms Julie Grove',1904/06/15,NE 105TH AVE,Portland,97220,OR,771-681-6945,
127,'Mr. George King',1999/01/14,SE 87TH AVE,Portland,97266,OR,244-497-5944,
128,'Ms. Cathy Martin',1911/02/14,SE 44TH AVE,Portland,97215,OR,145-428-8343,
129,'MR ARNOLD JURN',1921/04/05,SW JOHNSON ST,Portland,97003,OR,233-562-4105,
130,'Ms Debbie Nixon',1927/01/02,SE ALTHAUS CIR,Portland,97060,OR,176-407-0616,
131,'Eufemia Amabisca',1987/08/24,SE 14TH ALY,Portland,97080,OR,554-456-2362,
132,'Mr. Chuck Wetzel',1919/08/16,CARMAN DR,Portland,97035,OR,267-652-7953,
133,'Mr Gregory Remmers',1909/09/04,SW 199TH CT,Portland,97003,OR,327-332-9436,
134,'Mr. Gregory C. Hintze,1992/06/12,ROBIN CIR,Portland,97068,OR,640-494-3231,
135,'Rev. David Ragan',1961/06/13,N WILLAMETTE LN,Portland,97203,OR,550-660-2324,
136,'Ms. Faye Gray',1934/01/12,NW COUCH ST,Portland,97209,OR,166-084-0491,
137,'FULL_NAME',1926/11/01,SE MAPLE ST,Portland,97123,OR,637-443-1737,
138,'Ms. Antoinette Blay',1963/06/16,NE KILLINGSWORTH ST,Portland,97218,OR,106-416-1912,
139,'Amy Vogelson',1968/10/04,SW DELINE ST,Portland,97007,OR,615-069-5455,
140,'Mr. Norman Neville',1909/10/29,NW NAITO PKWY,Portland,97209,OR,246-618-2548,
141,'Ms Lisa Perez',1987/05/06,SE 35TH PL,Portland,97202,OR,606-220-5017,
142,'Ms. Barbara Tucker',1942/10/23,NW JUPITER HILLS CT,Portland,97006,OR,556-439-5846,
143,'Ms Miriam Rodriguez',1948/07/04,SE CESAR E CHAVEZ BLVD,Portland,97214,OR,731-694-1955,
144,'Ms. Lisa Parks',2000/08/11,SE SUN CREST DR,Portland,97086,OR,734-344-8808,
145,'Officer Sheree Lee',1952/08/24,SE 122ND AVE,Portland,97236,OR,711-208-3185,
146,'Mr John Mueller',2001/01/09,NE TUNBRIDGE ST,Portland,97124,OR,406-050-9012,
147,'Dr. Frank Beaudrot',1998/11/21,SW 9TH CT,Portland,97030,OR,353-722-7574,
148,'Ms. Lindy Bringhurst',2003/09/11,SE 62ND AVE,Portland,97206,OR,215-201-9804,
149,'Mr. Ruben Henderson III',1991/08/11,SW MCKINLEY ST,Portland,97080,OR,123-116-4338,
150,'Ms. Deania Piper',1954/01/21,S SPRINGWATER RD,Portland,97023,OR,625-342-9899,
151,'Mr. George Moore',1921/09/28,NE 23RD AVE,Portland,97211,OR,102-380-2954,
152,'Ms Kelli Karau',1905/11/09,NW COSMOS ST,Portland,97229,OR,177-182-3736,
153,'Mr. John Cassidy',1958/10/16,SE ROYER RD,Portland,97089,OR,644-683-8756,
154,'Mr. Beverly Raphael',1979/10/10,N SEWARD AVE,Portland,97217,OR,771-662-3361,
155,'Ms. Luz Mireles',1932/03/16,SW SNAPDRAGON LN,Portland,97223,OR,650-618-5706,
156,'Ms. JoAnn Sandoval',1939/12/13,S MORCOM ST,Portland,97071,OR,342-485-9361,
157,'Ms. Ellen Kirschenbaum',1987/04/18,HIRAM AVE,Portland,97045,OR,176-322-8848,
158,'Mr. Santos Robles',1968/12/28,S TIGER ROSE LN,Portland,97045,OR,265-512-0242,
159,'Ms Marilyn Cyrnek',1918/09/26,SE HOSNER RD,Portland,97080,OR,514-688-0467,
160,'Mrs. Barbara Zuczek',1921/05/31,NW 21ST AVE,Portland,97209,OR,766-255-9571,
161,'Mrs. Larisa Balderrama',1935/03/15,SE MADISON ST,Portland,97214,OR,731-166-1282,
162,'Ms. Janet Armentani',1924/03/23,CATALPA WAY,Portland,97045,OR,301-040-7563,
163,'Pat Wilkinson',1944/08/02,NE SANDY BLVD,Portland,97230,OR,431-255-9073,
164,'Ms. Maureen Williams',1965/11/20,NW 116TH AVE,Portland,97229,OR,552-476-1044,
165,'David Sandoval',1959/12/13,SW DOWNING ST,Portland,97006,OR,322-193-7873,
166,'Ms Kathy Beckler',1986/08/04,NE GRIFFIN OAKS ST,Portland,97124,OR,656-055-3606,
167,'Ms. Roseann Colamartini',2004/03/12,SE 104TH AVE,Portland,97266,OR,262-634-7549,
168,'Mr. James Valenzuela',1970/07/07,NE 82ND AVE,Portland,97213,OR,174-024-1116,
169,'Anthony Demas',1996/03/14,WHITE OAKS DR,Portland,97035,OR,566-551-7991,
170,'Ms. Judi Hayer',1924/05/26,SE YUKON ST,Portland,97266,OR,575-345-7169,
171,'Ms. Arcelia Zamora',1907/03/25,NW RONDOS DR,Portland,97229,OR,746-501-8124,
172,'Ms. Geraldine Colbert',1937/08/04,S GRAYS HILL RD,Portland,97017,OR,610-311-2203,
173,'Mr. Gordon W. Johnson',1941/01/03,SW RIVERWOOD LN,Portland,97224,OR,676-640-5063,
174,'Ms Pam Hoffer',1932/05/28,CHIARA DR,Portland,97045,OR,426-148-8125,
175,'Ms. Emma Malsam',1975/03/03,PIONEER BLVD,Portland,97055,OR,712-651-8559,
176,'MS AIMEE WILLIAMSON',1981/08/24,NE 23RD ST,Portland,97030,OR,157-480-5157,
177,'Ms. Melody Kow',1902/05/13,SW PASADENA ST,Portland,97219,OR,510-563-9920,
178,'Mr. Fred Rodriguez',1985/10/03,SW 148TH PL,Portland,97224,OR,560-424-5683,
179,'Ms. Fran Parker',1987/08/21,SE BRAE ST,Portland,97222,OR,644-046-5407,
180,'Mr. Donald Mickus',1963/02/27,SE STARK ST,Portland,97215,OR,727-579-1113,
181,'Ms. Claudia Coronado',1939/06/13,SE HWY 212,Portland,97015,OR,220-423-8799,
182,'Mr Robert Graham',1959/02/07,N DRUMMOND AVE,Portland,97217,OR,226-313-7017,
183,'Mr. Mark Vinci',1969/12/14,SW 77TH AVE,Portland,97223,OR,450-425-4927,
184,'Mr. Philip Zeblisky',1959/06/05,MOLALLA AVE,Portland,97045,OR,513-055-2034,
185,'Mr. Michael Angulo',1952/02/17,SE FRASIER LN,Portland,97123,OR,563-451-3142,
186,'Mr. Steve Howard',1932/06/11,SE BELMONT ST,Portland,97214,OR,700-686-1294,
187,'Mr. Craig Steblay',1968/07/14,SE ROBIN RD,Portland,97267,OR,274-242-8726,
188,'Ms. Sonja Davis',1905/05/16,OLD RIVER DR,Portland,97068,OR,513-675-6349,
189,'Ms. Donna Petraitis',1932/07/12,SW WOLSBORN AVE,Portland,97123,OR,135-467-9391,
190,'MR & MRS SERGIO & YESENIA SANCHEZ',1958/08/06,SW CENTURY DR,Portland,97140,OR,356-494-0211,
191,'Ms. Sonja Davis',1954/02/23,NW UPSHUR ST,Portland,97210,OR,251-236-7674,
192,'Ms. Antoinette Blay',1917/03/21,SW 191ST PL,Portland,97007,OR,312-529-3445,
193,'Ms. Leatrice Kitchell',1989/09/30,SW 2ND AVE,Portland,97204,OR,442-445-1468,
194,'Ms. Sharon Schnakenberg',1971/06/07,SE HIGHLAND LOOP,Portland,97015,OR,115-245-0747,
195,'Chris Stewart',2007/03/05,NE GRAND AVE,Portland,97212,OR,403-221-8332,
196,'Ms. Diane Post',1984/05/15,SW 195TH AVE,Portland,97003,OR,330-571-8947,
197,'Ms Alice Couto',1985/01/10,SE LOLA LN,Portland,97267,OR,220-626-9647,
198,'Mr. Jerry Barney',1972/04/06,SE MARION ST,Portland,97202,OR,643-723-8378,
199,'Ms. Faye Gray',2006/05/03,NW OAK CREEK DR,Portland,97229,OR,740-516-3622,
200,'Bret Aldieri',1959/12/12,SW BONITA RD,Portland,97035,OR,711-025-0188,
201,'Mr. John Bliss',1985/12/14,NE MASON ST,Portland,97218,OR,676-145-1915,
202,'Ms. Nancy Steriotis',1971/12/18,SW VERMILLION DR,Portland,97062,OR,435-426-1496,
203,'Mr. Charles Schultz',1909/07/28,NE NEWSTEAD LN,Portland,97006,OR,326-565-3944,
204,'MS KATHY SEATON',1906/10/03,NE 25TH AVE,Portland,97124,OR,763-012-8043,
205,'Ms. Dorina Bustamante',2002/07/04,SE WASHINGTON ST,Portland,97214,OR,200-426-4739,
206,'William Troy Stine',1908/10/11,SW ALOHA CT,Portland,97003,OR,505-545-2106,
207,'Ms. Lisa Stoutenburg',1908/12/29,SE STOTT AVE,Portland,97060,OR,234-450-0701,
208,'Ms. Nicki Devlin',1901/08/31,SE HALEY RD,Portland,97009,OR,150-345-9491,
209,'Ms. Regina Nash',1956/12/25,NE WEIDLER ST,Portland,97232,OR,766-524-4560,
210,'Mr. TERRANCE SMITH',1957/11/13,NE GLISAN ST,Portland,97213,OR,146-705-3672,
211,'Maurie Freedle',1938/02/26,SW PLEASANT VIEW DR,Portland,97080,OR,220-117-6324,
212,'Ms. Joan Scheunemann',1981/09/14,CRESTVIEW DR,Portland,97068,OR,700-344-0664,
213,'Mr. Dan Nadnais',1926/03/06,NE 47TH AVE,Portland,97213,OR,427-538-8160,
214,'Ms. Tracy Byers',1940/01/13,PRINCE CT,Portland,97038,OR,246-175-4850,
215,'Ms Linda Velazquez',1980/01/01,SW MILLIKAN WAY,Portland,97003,OR,103-182-1527,
216,'Thomas Stern',1913/04/24,NE MARINE DR,Portland,97211,OR,462-347-1677,
217,'Mr. Dick Todd',1914/05/01,SW MCDONNELL TER,Portland,97239,OR,226-077-8814,
218,'Karen Bauer',1987/03/20,NE 8TH AVE,Portland,97211,OR,452-039-3599,
219,'Ms. Sue Stodola',1924/04/16,SW 75TH AVE,Portland,97223,OR,645-641-9855,
220,'Ms. Dorina Bustamante',1989/07/18,SE WAVERLY CT,Portland,97222,OR,403-635-0253,
221,'Ms. Roseann Colamartini',1902/09/15,SW VALERIA VIEW DR,Portland,97225,OR,357-206-5628,
222,'Ms. Brittaney Chipley',1985/08/26,SW 141ST AVE,Portland,97005,OR,505-031-5208,
223,'Ms. Judy Buchanan',1912/04/29,SE DIVISION ST,Portland,97206,OR,336-449-1069,
224,'MS JODY COTE',1935/03/23,SW DUNDEE LN,Portland,97070,OR,266-224-7266,
225,'Ms Carrie Sullivan',1926/10/23,SE ROSE MEADOW DR,Portland,97015,OR,644-508-8920,
226,'Ms. Anne Vogel',1914/10/29,NE ALAMEDA ST,Portland,97212,OR,672-109-2404,
227,'Mr. Manuel Mata',1914/04/07,SE KELLY ST,Portland,97202,OR,451-356-6470,
228,'MS KATHY SEATON',1927/04/15,SE MAIN ST,Portland,97030,OR,405-657-2996,
229,'Ms Miriam Rodriguez',1903/08/20,SE 118TH AVE,Portland,97266,OR,156-274-7004,
230,'Mr. Jeff Otoole',1982/08/08,SE YAMHILL ST,Portland,97233,OR,140-284-0064,
231,'Ms. Andrea Delgaldo',1919/05/26,SW 99TH AVE,Portland,97005,OR,245-671-3230,
232,'Mr. Mike Pankau',2005/11/02,SE EL CENTRO WAY,Portland,97267,OR,101-015-0338,
233,'Mr. Jerry Foley',1979/06/01,SE DIVISION ST,Portland,97236,OR,762-150-5367,
234,'Ms. Marie Jones',1967/02/14,SE CLINTON ST,Portland,97206,OR,661-510-5342,
235,'Ms. Liz Segarra',1994/02/20,SE 172ND AVE,Portland,97015,OR,410-239-2626,
236,'Pastor Maurice Chavez',1932/08/27,SE GERHARD DR,Portland,97123,OR,542-033-2846,
237,'Pat Wontor',1974/10/19,N FENWICK AVE,Portland,97217,OR,243-112-9351,
238,'Sharon Smith',1914/06/04,SE 57TH AVE,Portland,97206,OR,200-408-7614,
239,'Mrs. Cynthia Zbiegien',1905/08/07,SW GARDEN HOME RD,Portland,97223,OR,414-030-5340,
240,'PAUL DUNNE',1913/02/26,NE MARTIN LUTHER KING JR BLVD,Portland,97212,OR,163-739-3329,
241,'Ms. Pauline Tafoya',1958/06/05,SE 136TH AVE,Portland,97236,OR,364-341-2913,
242,'Ms. Phyllis Rowe',2006/10/30,SE MAXWELL ST,Portland,97123,OR,322-529-2114,
243,'Karen Bauer',2006/01/11,SE CAUSEY CIR,Portland,97086,OR,435-701-8912,
244,'Mr. Norman Neville',2002/01/28,CHAR DIAZ DR,Portland,97045,OR,655-237-3682,
245,'Ms. Sharon Schnakenberg',1942/04/12,SW MILLIKAN WAY,Portland,97003,OR,206-642-2476,
246,'Mr. Barry Shennum',1952/07/15,NW NORTHUMBRIA LN,Portland,97006,OR,402-008-3190,
247,'Ms. Muriel Smith',1969/06/15,SE CLINTON ST,Portland,97206,OR,476-621-1035,
248,'Ms. Stefani Mercado',1979/05/20,NW QUIMBY ST,Portland,97210,OR,555-309-3776,
249,'Mr. Gregory Ware',1982/05/05,SW PACIFIC HWY,Portland,97062,OR,224-219-8141,
250,'Mrs. Donna Frederickson',1922/01/09,NE 61ST TER,Portland,97124,OR,761-739-4201,
251,'Ms. Carol Francis',1974/04/23,SE CEDAR WAY,Portland,97086,OR,377-021-6050,
252,'Juan Delgado',1989/02/19,NW GREENBRIER PKWY,Portland,97006,OR,133-021-0602,
253,'CARLOS RASCON',1964/05/27,SW BARBUR BLVD,Portland,97239,OR,763-165-3245,
254,'Mr. Bill Kurek',1924/02/21,FRONT AVE,Portland,97045,OR,671-634-1622,
255,'MS ANA MARTINEZ',1996/12/09,NW PETTYGROVE ST,Portland,97210,OR,361-598-2720,
256,'Ms. Kim Willoughby',1950/05/04,SW 4TH AVE,Portland,97204,OR,454-133-9887,
257,'Ms. Mary Anne Barger',1968/01/26,NW 173RD AVE,Portland,97006,OR,437-549-8089,
258,'Ms. Mary Catherine Schneider',1927/01/10,SW 76TH AVE,Portland,97224,OR,576-668-7240,
259,'Martin Corona',1986/03/12,NE 102ND AVE,Portland,97220,OR,101-663-8805,
260,'Mr. Dennis Daw',1933/01/08,PRIMROSE LN,Portland,97116,OR,122-119-3535,
261,'Bonnie Scoblic',1992/04/11,SW OLAF TER,Portland,97003,OR,107-663-8684,
262,'Ms. Jody Helton',1991/03/25,S IDAHO ST,Portland,97239,OR,631-586-3624,
263,'MM Infantino',1950/07/04,SW HALL BLVD,Portland,97008,OR,520-623-3502,
264,'Mr. Michael Wiser',1910/01/19,SW 89TH CT,Portland,97224,OR,576-376-0099,
265,'Mrs. Fannie Richey',1996/12/02,N MARINE DR,Portland,97217,OR,722-595-2629,
266,'Mr Daniel Adelman',2003/08/26,S CASTO RD,Portland,97045,OR,617-502-1140,
267,'Mr. Anthony P. Restivo',1910/04/03,NE KILLINGSWORTH ST,Portland,97218,OR,352-190-9728,
268,'Ms Heather Fahey',1914/06/05,NE SOUTH SHORE RD,Portland,97211,OR,550-406-9554,
269,'Mr. Gene Gazzola',1961/05/09,SW CARLSBAD DR,Portland,97007,OR,664-047-8189,
270,'Mary Hernandez',1992/03/14,SW CARSON ST,Portland,97219,OR,646-483-0883,
271,'Mr. Patrick Shelton',1910/03/16,N VANCOUVER AVE,Portland,97227,OR,623-500-6372,
272,'Ms. Jessica Bueno',1955/02/02,SE CESAR E CHAVEZ BLVD,Portland,97202,OR,701-485-7725,
273,'05',1900/11/15,SW LOMBARD AVE,Portland,97008,OR,376-098-1751,
274,'Ms. Kim Willoughby',1908/04/17,HWY 26,Portland,97055,OR,465-430-6684,
275,'Ms Linda Howard',1991/05/06,NW 9TH AVE,Portland,97209,OR,623-297-4564,
276,'Ms Linda Velazquez',2009/06/10,SW 16TH AVE,Portland,97205,OR,767-065-0607,
277,'06',1998/07/07,SE MATNEY ST,Portland,97024,OR,512-675-6104,
278,'Mr. Walter Ansley',2003/07/21,S MOLALLA FOREST RD,Portland,97038,OR,574-276-5845,
279,'Ms Amy Patterson',1917/07/03,ANDREWS RD,Portland,97034,OR,677-724-8899,
280,'MS MELISSA LOYD',1911/02/19,NE HILL WAY,Portland,97023,OR,514-388-6700,
281,'Pablo Sillas',1996/08/20,SW AIDAN CT,Portland,97003,OR,535-483-8049,
282,'Ms. Kathy Davis',1985/05/15,NW 61ST AVE,Portland,97210,OR,120-367-3985,
283,'Gerson Realty & Mgmnt',1958/06/04,SE LAKE RD,Portland,97222,OR,462-299-9960,
284,'TRISTAHN SCHAUB',1992/11/19,SW 4TH AVE,Portland,97204,OR,157-516-8105,
285,'Mr John Cooper-Lara',1926/03/28,SE 172ND AVE,Portland,97086,OR,630-481-2537,
286,'Susan Quinlon',1994/03/08,SE CORA ST,Portland,97206,OR,172-373-3781,
287,'Amanda Powell',1906/04/12,N LOMBARD ST,Portland,97217,OR,771-377-1564,
288,'Bret Aldieri',1901/03/30,N JOHN AVE,Portland,97203,OR,643-131-2563,
289,'Jesse Pekarek',1926/12/20,SE 91ST AVE,Portland,97266,OR,224-469-4736,
290,'Mr. Carlos Avila',1999/08/08,N LANCASTER AVE,Portland,97217,OR,667-311-7971,
291,'Candy Berkner-Frogozo',1904/10/17,SW JACKSON ST,Portland,97201,OR,563-409-1152,
292,'Jesse Pekarek',1919/08/30,SE 132ND AVE,Portland,97015,OR,472-020-8692,
293,'Ms. Jovita Dominguez',1992/03/26,S MAGNOLIA DR,Portland,97113,OR,504-190-2064,
294,'Mr. Mike Proctor',1937/10/14,SW NYSSEN ST,Portland,97003,OR,147-729-2679,
295,'Ms. Geraldine Colbert',1989/06/05,SE 66TH AVE,Portland,97206,OR,347-502-4833,
296,'Ms. Kay Shepard',1969/05/05,NW BATTAGLIA AVE,Portland,97030,OR,762-265-6513,
297,'Ms Michelle Ramsay',1966/11/03,SW NIGHT HERON LN,Portland,97007,OR,105-500-7023,
298,'Mr. Mark Mendelson',1992/08/28,NE WILCOX ST,Portland,97124,OR,464-483-9133,
299,'Mr Charles Pence',1993/04/08,NW 4TH AVE,Portland,97013,OR,402-618-7551,
300,'Ms. Donna Petraitis',2002/07/18,SW ALYNE LN,Portland,97223,OR,255-541-2415,
301,'Mr. Timothy Fleming',1909/03/07,SW ROCKY RAMBLE LN,Portland,97140,OR,146-584-1657,
302,'Mr. Clif Freedman',1997/11/12,SW BLAMON CT,Portland,97078,OR,755-200-9633,
303,'SHERRI CUMMINGS',1950/09/01,SW LINK ST,Portland,97113,OR,166-492-1917,
304,'Ms. Kitty Woodward',2003/06/23,NE ALEX WAY,Portland,97124,OR,345-251-3010,
305,'Ms Tammy White',2010/10/24,NE BEECH ST,Portland,97220,OR,263-501-8707,
306,'Cesar',1927/08/17,N MICHIGAN AVE,Portland,97227,OR,343-047-3328,
307,'Ms. Ellen Kirschenbaum',1967/09/14,NE GERTZ RD,Portland,97211,OR,626-662-4825,
308,'Ms. Lolla Hansen',1941/12/07,SE HUBBARD RD,Portland,97015,OR,442-669-3691,
309,'Ms. Rita Jensen',1996/12/12,SW ROYAL VILLA DR,Portland,97224,OR,740-204-3381,
310,'Mr. Ken Faith',1974/10/19,SE 148TH AVE,Portland,97236,OR,244-252-8407,
311,'Ms. Sheila Gouff',1973/12/28,SE MAPLE ST,Portland,97267,OR,256-104-0322,
312,'Chris Kramer',1922/03/24,NE 46TH AVE,Portland,97213,OR,476-546-6571,
313,'Mr. John Cassidy',1914/04/02,PEGASUS CT,Portland,97038,OR,467-371-5676,
314,'Mr. Gregory Ware',1927/11/06,SE 24TH AVE,Portland,97123,OR,216-155-8586,
315,'Ms. Sue Wenger',1904/06/30,N KILLINGSWORTH ST,Portland,97217,OR,456-177-7500,
316,'Ms Diane Becket',1972/02/18,E ROAD 28,Portland,97049,OR,504-272-9959,
317,'Ms. Rosa Pastrana',1972/11/17,SE 37TH AVE,Portland,97123,OR,114-593-3710,
318,'Mr. Chuck Wetzel',1914/07/22,NW QUAIL HOLLOW DR,Portland,97229,OR,234-240-5056,
319,'Ms. Patricia Fortin',1912/04/14,SE HAGEN RD,Portland,97086,OR,642-090-6514,
320,'Pat Wilkinson',1945/11/24,SE MADISON ST,Portland,97214,OR,256-259-7663,
321,'Ms. Silvia Salas',1942/10/16,SW 11TH AVE,Portland,97239,OR,602-075-0231,
322,'Ms. Marie Jones',1965/08/09,SW ALDERVIEW CT,Portland,97007,OR,275-478-8950,
323,'Mr. Michael Wiser',1995/06/13,SE ELSASSER LN,Portland,97266,OR,350-255-0984,
324,'Mr. Ted Luther',1939/07/15,SW UNGER RD,Portland,97113,OR,557-493-4120,
325,'Shawn Phelps',1957/08/08,SE HIGHLAND LOOP,Portland,97015,OR,562-225-2891,
326,'Gloria Chadwick',1981/06/18,SE KENSINGTON ST,Portland,97123,OR,272-660-3226,
327,'Jeff Tisot',1912/08/01,SW WOODCREST AVE,Portland,97224,OR,511-189-8686,
328,'Mrs. Lee Brice',1907/11/25,EAST ST,Portland,97045,OR,177-664-6334,
329,'Mr. Jerry Barney',1924/08/18,SW KING AVE,Portland,97205,OR,122-267-1301,
330,'Kit Lathrop',1920/02/13,SW GLENWOOD DR,Portland,97070,OR,762-026-8269,
331,'Ms Jenell Holt',1928/07/26,SE 257TH AVE,Portland,97089,OR,111-349-3858,
332,'Ms. Sallie McCutcheon',1970/05/05,NE POYNTER ST,Portland,97124,OR,636-085-5573,
333,'Mr Nick Mason',1906/11/17,SW ROSEWOOD WAY,Portland,97225,OR,213-566-8183,
334,'Jakki Waldecker',1958/08/10,SE 13TH AVE,Portland,97202,OR,574-237-2062,
335,'Rev. David Ragan',2009/07/13,SW CORBETH LN,Portland,97060,OR,647-155-5916,
336,'Christine Provencio',1990/11/14,SW 13TH AVE,Portland,97205,OR,663-434-5908,
337,'Ms. Patricia Fortin',1952/01/23,S MASON HEIGHTS DR,Portland,97045,OR,320-250-0923,
338,'Ms. Christina Eichelkraut',1968/06/12,NE BRIGHTON ST,Portland,97124,OR,717-347-2872,
339,'Ms. Liz Miranda',1933/04/05,SW CANYON DR,Portland,97225,OR,314-739-7293,
340,'Ms. Mary Catherine Schneider',1947/03/13,SW TEAL BLVD,Portland,97007,OR,776-395-7833,
341,'Mr. Mike Proctor',1919/12/23,MT HOOD ST,Portland,97045,OR,710-111-1980,
342,'Ms. Yolanda Hensley',1980/04/26,S RIVERPOINT LN,Portland,97239,OR,201-311-9962,
343,'Ms. Rita Jensen',1984/06/11,SE SALMON DR,Portland,97030,OR,353-307-7552,
344,'Ms. Maureen Williams',1944/12/31,SE 32ND CT,Portland,97080,OR,451-122-3448,
345,'Mr. Ray Lopez',2009/10/21,NW 22ND AVE,Portland,97210,OR,703-292-5493,
346,'Rebeccah Potavin',1919/09/12,SE GLADSTONE ST,Portland,97202,OR,135-432-5635,
347,'Mr. Philip Zeblisky',2005/06/13,SW LINCOLN ST,Portland,97140,OR,412-630-2530,
348,'Ms. Sue Sullivan',1923/05/06,NE 8TH AVE,Portland,97232,OR,156-694-3423,
349,'Ms Mari Daniels',1978/02/08,W CLARENDON ST,Portland,97027,OR,121-455-4034,
350,'Chris Mozer Velasco',1917/03/30,NE 7TH AVE,Portland,97212,OR,121-596-3015,
351,'Mr. Cliff Neal',1952/08/05,SE STARK ST,Portland,97215,OR,232-611-7487,
352,'Mr Scott Allsup',1935/02/05,SW MERLO RD,Portland,97003,OR,111-708-0526,
353,'Pastor Maurice Chavez',1916/08/24,SE EDGEWAY DR,Portland,97006,OR,757-273-5812,
354,'Ms. Nicki Devlin',1972/02/05,SE OAKHURST CT,Portland,97267,OR,425-167-8196,
355,'Ms Kathy Beckler',2006/02/04,NE 17TH AVE,Portland,97124,OR,361-465-8682,
356,'Brad Bode',1996/09/20,SE 11TH AVE,Portland,97202,OR,105-582-4501,
357,'Mr. Willie Jones',1904/05/05,SW 135TH AVE,Portland,97223,OR,360-534-7047,
358,'Ms. Ginger Mate',1983/07/09,SW BARCLAY CT,Portland,97005,OR,171-617-9984,
359,'Ms. Anne Cornelius',1999/02/08,SW 95TH AVE,Portland,97224,OR,117-206-8667,
360,'Trina Adams',2005/11/13,N SCHOFIELD ST,Portland,97217,OR,436-229-7048,
361,'Ms. Mary Reich',1990/11/03,SE 74TH AVE,Portland,97123,OR,571-535-2839,
362,'Mr. Chris Richardson',1983/05/25,SW DOLPH CT,Portland,97219,OR,750-133-7384,
363,'Mr. Brad Slayer',1942/08/13,NW 28TH PL,Portland,97210,OR,353-571-9134,
364,'Ms. Lisa Evans',1906/07/21,NE 55TH AVE,Portland,97218,OR,442-319-5796,
365,'Ms. Madelyn Johnson',1940/08/25,SW 46TH PL,Portland,97219,OR,256-566-1316,
366,'Mrs. Barbara Zuczek',1993/07/30,NE ALTON ST,Portland,97024,OR,526-306-1655,
367,'Mr Jeremy Baysinger',2000/01/13,WEBSTER RD,Portland,97027,OR,416-260-4036,
368,'DEBBIE SOSA',1947/12/05,SW 184TH AVE,Portland,97007,OR,361-291-4076,
369,'Ms Linda Velazquez',1912/10/16,SW 58TH AVE,Portland,97221,OR,325-123-7431,
370,'Amy Irwin',1937/02/23,SE DIVISION ST,Portland,97236,OR,367-641-8265,
371,'Mr Robert Graham',2009/10/02,SE HAROLD ST,Portland,97236,OR,601-587-6054,
372,'Ms. Shirley Housh',1976/11/22,SE 108TH AVE,Portland,97266,OR,450-712-0792,
373,'Mr. Kimberly G. Moody',1920/05/15,S CRITESER RD,Portland,97045,OR,667-085-2780,
374,'Ms Charisse Walls',1964/12/26,SW BULL MOUNTAIN RD,Portland,97224,OR,661-700-9931,
375,'Ms. Heather Fender',1913/02/03,SW COLYER WAY,Portland,97224,OR,335-233-0021,
376,'Ms. Nancy Steriotis',1985/01/10,NE 26TH AVE,Portland,97232,OR,277-456-7871,
377,'Mr. James Valenzuela',1962/07/18,SE CARLTON ST,Portland,97206,OR,255-587-8767,
378,'Mr. Nicolas Cortez',1919/04/21,NE SISKIYOU ST,Portland,97213,OR,550-273-0907,
379,'Ms. Maureen Rooney',1932/04/18,SE STELLA CT,Portland,97123,OR,420-419-7631,
380,'MS DEENA LIPINSKI',2009/08/26,E MAIN ST,Portland,97123,OR,417-270-8315,
381,'Ms. Kelly Wolff',1931/10/20,SW HALL ST,Portland,97201,OR,254-311-7915,
382,'Bob Graham',1907/12/10,SE LEE AVE,Portland,97267,OR,311-131-2419,
383,'Mr. Santos Robles',1937/07/25,NW FLANDERS ST,Portland,97209,OR,346-584-5900,
384,'Anne Ender',2006/12/23,NW TIMBER RD,Portland,97144,OR,424-542-3088,
385,'Ms. Trish Brewer',1923/07/16,SE 50TH AVE,Portland,97206,OR,206-430-6742,
386,'Mr. Christopher Houk',1965/09/08,SE ROCK CREEK CT,Portland,97015,OR,465-242-7599,
387,'MS LIZETTE GARCIA',1954/04/09,BLUFF RD,Portland,97055,OR,622-155-4504,
388,'05',1963/08/08,SW OSPREY DR,Portland,97008,OR,700-601-7729,
389,'Ms. Nikki O'Keefe',2006/04/15,SE MONROE ST,Portland,97222,OR,433-261-7630,
390,'Mr. Jon Kitchell',1974/11/01,SE ALDER ST,Portland,97216,OR,130-729-0494,
391,'Rene Bermudez',1921/11/04,NW LANDING DR,Portland,97229,OR,456-508-0097,
392,'Dana Johnson',1926/11/13,SE MINTER BRIDGE RD,Portland,97123,OR,501-033-5975,
393,'MR. GARY KIRKILAS',2007/03/01,SE 122ND AVE,Portland,97236,OR,243-110-4823,
394,'Mr. George Moore',1963/10/15,SE SALMON ST,Portland,97214,OR,442-353-9203,
395,'Kim Aiello',2002/12/25,SW HILLSBORO HWY,Portland,97123,OR,747-733-6168,
396,'Mary Hernandez',1915/11/04,NW EBBERTS AVE,Portland,97124,OR,337-723-2453,
397,'Ms Linda Howard',1987/05/03,SW ARBOR GLEN CT,Portland,97070,OR,120-285-3994,
398,'Mrs. Elvira Seta',1907/06/02,SE 23RD AVE,Portland,97202,OR,602-576-5459,
399,'Ms. Faye Gray',1961/02/25,SW BELLA VISTA LN,Portland,97080,OR,405-023-2498,
400,'Ms. Ginger Mate',1924/12/01,SW 160TH AVE,Portland,97007,OR,553-244-0664,
401,'Mrs Gail Knight',1902/08/01,S GLENN DR,Portland,97042,OR,573-671-4671,
402,'Ms. Lynn Wiletsky',1990/06/05,SW 5TH AVE,Portland,97204,OR,335-262-3944,
403,'Mrs. Lindsey Balinkie',1966/07/14,SE POWELL BLVD,Portland,97236,OR,154-697-2216,
404,'Larry Levine',1917/04/02,SW SHERWOOD BLVD,Portland,97140,OR,212-152-0636,
405,'Mr. Ted Luther',1966/04/16,SE HAWTHORNE BLVD,Portland,97214,OR,433-173-6246,
406,'FULL_NAME',1944/01/22,SW LOCUST ST,Portland,97223,OR,370-279-5842,
407,'Jeremy Calenda',1927/11/30,SW MONTGOMERY DR,Portland,97201,OR,565-567-5579,
408,'Lloyd Kaipainen',1943/08/15,TAMARACK LN,Portland,97035,OR,555-031-0730,
409,'MS. MaryAnn Lefevre',1942/05/14,N CONCORD AVE,Portland,97227,OR,576-438-2339,
410,'Mr. Jack Leiber',1925/09/28,SW HAMILTON CT,Portland,97239,OR,220-200-6303,
411,'MR DON DICKSON',1918/03/06,SW VILLAGE GLENN DR,Portland,97223,OR,241-677-0377,
412,'MR TIMOTHY BERG',1925/05/21,NW UPSHUR ST,Portland,97210,OR,562-608-4156,
413,'Mary Hernandez',2010/01/10,SW ROSA RD,Portland,97078,OR,130-593-5342,
414,'Mr. Winston Pendleton',1926/08/16,NE TILLAMOOK ST,Portland,97212,OR,646-123-6916,
415,'Ms. Claudia Coronado',1944/04/20,NE HANCOCK ST,Portland,97212,OR,201-570-5097,
416,'Mr. Chuck Wetzel',1940/07/29,NW PADDINGTON DR,Portland,97006,OR,554-518-7113,
417,'Ms. Andrea McCoy',1967/05/16,SE HUBBARD RD,Portland,97015,OR,337-173-4801,
418,'Ms. Barbara Norris',1936/01/20,SW FAIRMOUNT BLVD,Portland,97239,OR,143-483-6433,
419,'Mrs. Larisa Balderrama',1994/02/25,SE 162ND AVE,Portland,97236,OR,643-344-4001,
420,'Ms. Kim Marie Spacy',1947/05/22,NE LENOX ST,Portland,97124,OR,471-098-8690,
421,'Mr. Ryan Ewing',1910/03/10,SE BUSH ST,Portland,97266,OR,575-419-0262,
422,'Trina Adams',1967/06/06,SE HWY 224,Portland,97089,OR,154-047-5307,
423,'Mr. George Pfundhellen',1920/05/29,SW KILEY WAY,Portland,97006,OR,630-718-6195,
424,'Lyn Gerdis',1951/07/19,SE WOODSTOCK BLVD,Portland,97206,OR,126-449-7794,
425,'MS ANN WATTS',1968/06/15,SW PARK AVE,Portland,97201,OR,566-369-2397,
426,'Ms. Kim Willoughby',1917/01/18,N SUMNER ST,Portland,97217,OR,565-482-6711,
427,'Gayle Brideau',1906/05/20,NE SANDY BLVD,Portland,97230,OR,734-666-8508,
428,'Ms Kali Dobry',1926/05/04,SW BEARD RD,Portland,97007,OR,241-171-8907,
429,'Ms. Robin Mofford',1986/06/13,HAZELNUT AVE,Portland,97045,OR,545-316-4061,
430,'Mac McDonald',1988/10/16,NE 47TH AVE,Portland,97213,OR,473-602-6760,
431,'Mr Leo Barabe',1924/08/19,SW MONTGOMERY ST,Portland,97201,OR,320-572-0453,
432,'Shawn Phelps',1913/04/04,NE AUTUMNCREEK WAY,Portland,97006,OR,305-647-0861,
433,'VICTOR VIDALES',1967/06/08,NE 17TH ST,Portland,97030,OR,650-529-9753,
434,'Mr Marc Allred',1906/10/31,NW NAITO PKWY,Portland,97209,OR,344-165-2615,
435,'Ms. Alicia Jacobs',1981/08/07,NE 22ND AVE,Portland,97232,OR,430-177-7519,
436,'Ms Fatima Salinas',1961/08/05,SW DOSCH RD,Portland,97221,OR,736-064-8306,
437,'Mr. Gordon W. Johnson',1928/04/28,NW TRANQUILITY DR,Portland,97106,OR,775-536-1577,
438,'Rene Bermudez',1937/09/11,SW PATHFINDER WAY,Portland,97223,OR,571-022-1689,
439,'Mrs Gail Knight',1931/09/01,NE MORRIS ST,Portland,97212,OR,206-566-5497,
440,'Mr Blaine Bandi',1969/05/23,NE 31ST AVE,Portland,97212,OR,454-080-5066,
441,'Mr. Dick Todd',1921/11/04,NW 6TH AVE,Portland,97013,OR,316-394-5306,
442,'Ms. Shelina Mandalia',2004/04/29,SE RAYMOND ST,Portland,97202,OR,714-390-9598,
443,'Mr. Paul Curtis',1954/05/18,SW GREENBURG RD,Portland,97223,OR,464-503-4756,
444,'Ms. Nikki O'Keefe',1926/08/05,SW 14TH AVE,Portland,97201,OR,173-234-9594,
445,'MS AIMEE WILLIAMSON',1904/01/03,SW GREENBURG RD,Portland,97223,OR,455-629-2871,
446,'Ms. Cathy Martin',1968/01/15,SE 147TH AVE,Portland,97236,OR,610-604-5575,
447,'Ms. Joan Scheunemann',1978/09/10,SW SHALLOWBROOK LN,Portland,97007,OR,562-664-5884,
448,'Ms Linda Howard',1972/04/30,NE MASON ST,Portland,97218,OR,377-695-1582,
449,'MR JOHN WAHMAN',1958/12/28,SW CEDAR BROOK WAY,Portland,97140,OR,175-431-0658,
450,'Ms. Donna Petraitis',1955/06/27,N DRUID AVE,Portland,97203,OR,173-116-8587,
451,'Thomas Hunnicutt',1958/07/29,SE 136TH AVE,Portland,97233,OR,745-003-7508,
452,'WENDY HARTMAN',1984/08/21,SE 18TH AVE,Portland,97123,OR,415-047-4561,
453,'Lynn Janson',1922/09/25,S PLUM DR,Portland,97045,OR,467-720-0804,
454,'Ms. Katherine Coles',1990/12/27,SE POWELL CT,Portland,97236,OR,341-725-4916,
455,'Ms. Pauline Tafoya',1914/03/17,W MAIN ST,Portland,97038,OR,652-561-7407,
456,'Ms. Rosa Pastrana',1911/02/06,SW SUNSET DR,Portland,97239,OR,176-337-3908,
457,'Mr. KURT TITTELBACH',1982/10/09,NW KEARNEY ST,Portland,97210,OR,134-589-3616,
458,'Ms. Terri Evers',1987/11/29,BRIDGE ST,Portland,97024,OR,455-528-5592,
459,'Ms. Heather Fender',1920/09/09,SW EIRWEN ST,Portland,97003,OR,553-112-5210,
460,'Ms. Valerie Flower',1949/02/22,S LANE ST,Portland,97239,OR,640-153-0368,
461,'Shawn Johnston',1921/03/17,NW 25TH AVE,Portland,97210,OR,412-736-4708,
462,'David Sandoval',1942/12/04,NE HAREWOOD PL,Portland,97124,OR,570-089-7532,
463,'MS. Darlene Anaya',1997/01/08,NE SHAVER ST,Portland,97220,OR,372-679-5524,
464,'Ms. Trish Brewer',1985/01/18,NE DECORA LN,Portland,97124,OR,364-229-2511,
465,'Ms. Julie Westgate',1933/10/18,S TARRYBROOKE CT,Portland,97113,OR,273-502-6638,
466,'Mr. Jim Mapstead',1999/04/13,SW MEEK LOOP,Portland,97070,OR,770-498-7445,
467,'Mr William Russell',1945/08/18,NE 29TH AVE,Portland,97212,OR,646-278-6245,
468,'Ms. Opal Wagner',1971/11/10,SW KNIGHTSBRIDGE DR,Portland,97219,OR,723-128-7725,
469,'Ms. Patricia Fortin',1993/07/14,SW LAKESIDE LOOP,Portland,97070,OR,712-036-8967,
470,'Michelle Ryan',1986/07/02,SE 138TH PL,Portland,97236,OR,364-448-8749,
471,'Ms. Kathy Cale',1983/11/28,NW BRYN MAWR WAY,Portland,97030,OR,536-426-2297,
472,'Linda Hughes',1942/10/02,S SOUTHRIDGE DR,Portland,97219,OR,535-453-2228,
473,'Mr. Charles Schultz',1977/04/11,SE 13TH AVE,Portland,97202,OR,405-583-9692,
474,'8070 Gail Morgan',1996/02/09,SE HAMPSHIRE CT,Portland,97086,OR,712-042-4460,
475,'Ms. Deborah Cookson',1993/05/17,INDIAN SUMMER ST,Portland,97055,OR,411-402-6741,
476,'TRISTAHN SCHAUB',1973/08/02,SE OATFIELD RD,Portland,97267,OR,152-508-7574,
477,'Mr. KURT TITTELBACH',2000/03/15,SW 163RD AVE,Portland,97006,OR,313-375-7046,
478,'Ms. Sandy Nelson',2006/04/05,SE LENORE ST,Portland,97086,OR,122-732-4973,
479,'Shawn Phelps',1943/06/13,SE HAWTHORNE BLVD,Portland,97214,OR,360-074-7889,
480,'Mr. Peter Sloggett',1936/08/20,NE MULTNOMAH ST,Portland,97232,OR,564-560-3292,
481,'Ms. Michelle Lombino',1910/03/22,SW 146TH TER,Portland,97007,OR,351-505-4955,
482,'Mr. Greg Vannoni',1979/05/29,SE 26TH AVE,Portland,97214,OR,306-628-9442,
483,'Mr. Dick Malueg',1986/01/23,NE GLISAN ST,Portland,97230,OR,600-460-3060,
484,'Ms Jenell Holt',1965/10/24,E CEDAR POINT CT,Portland,97049,OR,546-231-7179,
485,'Mr. Jon Kitchell',1993/08/07,SW 90TH AVE,Portland,97062,OR,234-681-1290,
486,'Mr. Adam Lopez Falk',2003/05/29,SW CLAY ST,Portland,97201,OR,233-215-5804,
487,'Ms. Nicki Devlin',1905/06/18,SHARTNER DR,Portland,97045,OR,133-660-1104,
488,'Mrs. Lee Brice',1991/10/18,NW ST HELENS RD,Portland,97210,OR,512-412-9076,
489,'Ms. Coni Cabot',1924/05/28,SW 74TH AVE,Portland,97224,OR,223-039-3591,
490,'Mr. Art Hidde',1993/08/24,NE THORNCROFT DR,Portland,97124,OR,373-693-0880,
491,'Mr. Harold Lively',1978/12/26,NW NARUP RD,Portland,97106,OR,447-599-4869,
492,'Ms. Kim Smith',1988/11/23,NE HALSEY ST,Portland,97213,OR,363-645-0236,
493,'Lisa Patchett',1913/07/25,NE SAN RAFAEL DR,Portland,97230,OR,215-363-9776,
494,'Ms. Kelly Wolff',1909/02/16,SW BEARD RD,Portland,97007,OR,562-098-0294,
495,'Jaime Weaver',1901/09/06,MEADOWS RD,Portland,97035,OR,476-580-9158,
496,'Ms. Carol Francis',1995/08/10,SW MONSON ST,Portland,97003,OR,652-639-4118,
497,'Paul Ames',1937/08/12,NE MASON ST,Portland,97211,OR,730-046-7622,
498,'Shawn Phelps',1935/08/01,SW GOLF COURSE RD,Portland,97113,OR,445-095-0500,
499,'Ms. Jen Beaulac',1994/01/04,NW MEIER RD,Portland,97124,OR,405-281-3240,
500,'Mr. Mike Proctor',1956/02/26,NE HALSEY ST,Portland,97230,OR,722-063-5426,
501,'Jay Murphy',1979/06/18,SE 45TH AVE,Portland,97215,OR,221-169-7998,
502,'Mr Jeremy Baysinger',1977/01/15,SW WRIGHT CT,Portland,97060,OR,236-293-4438,
503,'Patricia Sieckman',1941/01/15,SE 32ND AVE,Portland,97202,OR,373-378-3209,
504,'Jesi Wolnik',1946/06/22,SW BEL AIRE LN,Portland,97008,OR,362-138-6131,
505,'Ms Miriam Rodriguez',1942/09/12,SE 32ND AVE,Portland,97222,OR,305-535-2420,
506,'Ms. Patricia Martin-Smith',1981/06/09,S HWY 99E,Portland,97013,OR,526-347-7715,
507,'SHERRI CUMMINGS',1920/11/09,NE 23RD ST,Portland,97030,OR,643-610-8376,
508,'Ms. Nancy Miller',1987/06/15,COLLINS CREST,Portland,97027,OR,744-253-4310,
509,'Mr. TERRANCE SMITH',1926/04/26,SE 153RD AVE,Portland,97236,OR,467-618-7882,
510,'Robbie Oppen',1917/03/19,SW SCHOLLS FERRY RD,Portland,97007,OR,632-290-7934,
511,'Mr Mark Wilson',1950/02/10,SW OAKVILLE CT,Portland,97078,OR,705-253-4645,
512,'Ms. Charlene Howard',1962/05/13,NW CORNELL RD,Portland,97229,OR,545-135-1695,
513,'Ms Heather Fahey',1911/11/19,SE 87TH AVE,Portland,97266,OR,503-668-6413,
514,'Mr Dennis Morey',1999/11/29,NE 17TH AVE,Portland,97124,OR,126-684-0416,
515,'Ms. Kim Marie Spacy',1953/11/11,SE 27TH AVE,Portland,97214,OR,114-534-0105,
516,'Ms. Opal Wagner',1993/10/14,N LOMBARD ST,Portland,97217,OR,707-042-6622,
517,'Greg Essex',1917/06/19,SE KELLY ST,Portland,97202,OR,474-725-3546,
518,'Ms. Brittaney Chipley',1931/04/24,N VILLARD AVE,Portland,97217,OR,347-716-2648,
519,'Ms. Nancy Steriotis',1958/04/02,SW HALL ST,Portland,97201,OR,410-631-2532,
520,'Mr Scott Allsup',1989/07/14,NE SUMNER ST,Portland,97220,OR,643-029-9756,
521,'MS LISA FLORES',1964/11/24,SE BOULEVARD WAY,Portland,97023,OR,107-105-9647,
522,'Ms Fabiola Velazquez',2009/07/23,SW WESTDALE DR,Portland,97221,OR,112-477-3712,
523,'Mr John Mueller',1994/08/01,SE 84TH AVE,Portland,97266,OR,413-121-2573,
524,'Mr. Bill Troy',1970/04/16,SW 82ND AVE,Portland,97223,OR,133-138-7907,
525,'Ms. Justine Virgil',1973/03/26,S SPRINGWATER RD,Portland,97045,OR,123-521-7895,
526,'Mr. Karl Marku',1950/04/28,NE 23RD ST,Portland,97030,OR,357-377-8710,
527,'Mr. Mark Vinci',1938/11/09,DOUGLAS CIR,Portland,97035,OR,214-282-4892,
528,'Mr. Jack Leiber',1940/12/30,SE SPRING DR,Portland,97123,OR,135-642-0789,
529,'MS SANDRA VANCE',1963/05/09,NE FAILING ST,Portland,97213,OR,364-198-1507,
530,'MR JERRY PALMER',1977/12/29,S CLEAR ACRES DR,Portland,97045,OR,274-339-5670,
531,'Mr. Wayne Kastrinos',1930/11/10,SE JEFFERSON ST,Portland,97222,OR,376-725-2528,
532,'Mr. George Immerso',1985/04/03,SW 257TH AVE,Portland,97060,OR,443-709-3744,
533,'Mr. Frank Favela',1976/03/05,N STANFORD AVE,Portland,97203,OR,323-485-1454,
534,'Jacque Vandermate',1995/05/20,SW 62ND AVE,Portland,97219,OR,120-075-8169,
535,'Wally Estfan',1991/04/27,SE 30TH AVE,Portland,97123,OR,647-057-5510,
536,'Mr. Santos Robles',1967/03/12,SE 16TH AVE,Portland,97202,OR,111-511-6619,
537,'Mr. Mike Kelly',1928/12/04,BELLEVUE WAY,Portland,97068,OR,347-418-8115,
538,'Ms. Barbara Damiani',1985/06/23,SW 11TH AVE,Portland,97201,OR,617-041-5158,
539,'Ms. Roseann Colamartini',1973/10/08,NE MULTNOMAH ST,Portland,97232,OR,743-019-5464,
540,'Mr. Bill Brashears',1989/08/12,SE CALEB LN,Portland,97089,OR,133-121-4802,
541,'Mr. Norris Cecil',1958/05/03,NW STIMPSON LN,Portland,97229,OR,612-610-1374,
542,'Ms. Michelle Lombino',1951/03/16,CONWAY DR,Portland,97045,OR,506-490-7378,
543,'Mr. George Immerso',1962/02/09,SE FIRWOOD RD,Portland,97055,OR,134-252-9640,
544,'Shelley Caniglia',1949/05/24,SE 30TH ST,Portland,97080,OR,741-659-7018,
545,'Ms. Cynthia Rojas',1998/11/02,SW FAIRMOUNT BLVD,Portland,97239,OR,627-167-1839,
546,'Eufemia Amabisca',1952/04/16,SW 53RD AVE,Portland,97221,OR,255-737-9605,
547,'Ms Trudy Kiesewetter',1999/12/26,SW 195TH AVE,Portland,97006,OR,675-074-3992,
548,'Ms. Marie Jones',1977/05/20,NW KENNEDY CT,Portland,97229,OR,460-302-2397,
549,'Ms. Arlene Reed',1962/01/16,SE 34TH AVE,Portland,97202,OR,627-408-9434,
550,'Mr. David Page',1917/08/05,SW SCHOLLS FERRY RD,Portland,97225,OR,726-482-3455,
551,'Mr. Michael Wiser',1960/07/13,E BRIGHT AVE,Portland,97067,OR,471-619-7824,
552,'Ms Pam Hoffer',2005/05/02,SE TEN EYCK RD,Portland,97055,OR,571-104-6256,
553,'Mr. Allen Patrou',1986/02/04,SW 141ST AVE,Portland,97005,OR,703-638-1228,
554,'Mr. Graciela Mera',1961/07/17,NE GLISAN ST,Portland,97213,OR,244-073-0666,
555,'Mr. Manuel Mata',1944/01/20,SE 136TH AVE,Portland,97236,OR,632-583-4184,
556,'Mr. Ray Lizarraga',1990/08/03,SW TUALATIN RD,Portland,97062,OR,320-494-3713,
557,'Ms. Sheila Gouff',1976/09/21,SW 99TH AVE,Portland,97005,OR,332-213-1736,
558,'Mr. Andres Dominguez',1961/08/01,NE MARINE DR,Portland,97230,OR,402-077-7643,
559,'Ms Nancy Allen',1975/09/01,S RIVER DR,Portland,97201,OR,774-207-9385,
560,'Ms. Mary Moore',1992/07/20,SW LURADEL ST,Portland,97219,OR,750-742-8245,
561,'Ms. Heather Fender',1924/01/08,SW SCHOLLS FERRY RD,Portland,97007,OR,423-227-4935,
562,'Ms. Tracy Byers',1914/09/24,NE HOYT ST,Portland,97220,OR,713-247-9927,
563,'Mr. Mike Merrill',1974/01/30,SW BROADWAY,Portland,97205,OR,166-025-6507,
564,'Mr. Tony Tangalos',2007/03/03,SE MORRISON ST,Portland,97233,OR,765-344-0469,
565,'Jesus Lara',1989/04/19,SW CANYON LN,Portland,97225,OR,613-673-6699,
566,'Mr. Bill Martin',1914/08/19,N TERRY ST,Portland,97217,OR,476-021-7792,
567,'Mr. Jerry Foley',1959/12/01,SE MELDRUM AVE,Portland,97267,OR,574-518-8377,
568,'Mr. Craig Steblay',1926/12/17,NW 2ND AVE,Portland,97124,OR,725-736-1682,
569,'Mr. Ron Ocano',1975/08/01,SW BLANTON ST,Portland,97078,OR,216-376-1948,
570,'Ms Charisse Walls',2005/09/24,SW ALTADENA AVE,Portland,97239,OR,517-645-5504,
571,'Ms Teresa Pierson',1943/05/01,NE AIRPORT WAY,Portland,97218,OR,553-195-7273,
572,'Mrs. Barbara Zuczek',1909/05/01,NE THOMPSON ST,Portland,97220,OR,224-367-7338,
573,'TRISTAHN SCHAUB',2006/07/23,SE YAMHILL ST,Portland,97214,OR,676-168-1236,
574,'Mr. Ed Dziuk',1992/06/17,SE 19TH AVE,Portland,97222,OR,772-478-5134,
575,'Ms. Stephanie Schafer',1991/10/10,NW 117TH LOOP,Portland,97229,OR,736-273-1781,
576,'Ms. Barbara Geidel',1936/02/26,NE CLEVELAND AVE,Portland,97211,OR,747-719-7122,
577,'Ms. Grace Wagner',1903/01/04,HILLHOUSE DR,Portland,97068,OR,430-619-9743,
578,'Mr. Fred Rodriguez',1980/07/28,SE CAUSEY AVE,Portland,97086,OR,121-422-0512,
579,'Ms. Carrie Frazer',1948/03/23,NE 103RD AVE,Portland,97006,OR,145-239-2564,
580,'Ms Joann Hatton',1994/11/30,N LOMBARD ST,Portland,97203,OR,535-453-4763,
581,'Mr. John Albanese',1971/02/13,SE WRENFIELD ST,Portland,97123,OR,504-674-4328,
582,'Ms. Lisa Dziuk',1908/12/13,SW BAILEY ST,Portland,97070,OR,272-416-0962,
583,'SHERRI CUMMINGS',1919/03/11,SE 32ND AVE,Portland,97222,OR,502-327-7848,
584,'Ms. Donna Wiedoff',1924/11/26,NW 160TH AVE,Portland,97006,OR,443-497-3718,
585,'Mr. Scott Schweda',1901/02/27,SE KELSO RD,Portland,97009,OR,523-700-8005,
586,'Mr. Ted Luther',1985/08/11,SW WRIGHT ST,Portland,97078,OR,271-419-8471,
587,'MR DAVID WAGNER',1954/04/09,NW 22ND AVE,Portland,97210,OR,205-332-9994,
588,'Kit Lathrop',1904/03/10,NE COUCH LN,Portland,97230,OR,404-121-3378,
589,'Steve Tatge',1970/05/19,NW SHATTUCK WAY,Portland,97030,OR,541-277-4514,
590,'Chris Mozer Velasco',1931/09/01,NW LINCOLN ST,Portland,97124,OR,165-032-2950,
591,'Mr. Edward Duber',1970/03/01,S LATOURETTE RD,Portland,97045,OR,214-146-6018,
592,'Mr. Craig Steblay',1976/05/30,SW MARIGOLD TER,Portland,97070,OR,211-413-8020,
593,'Michelle Cottington',1973/03/19,SE MORRISON ST,Portland,97216,OR,546-475-8773,
594,'MARY ROESTENBERG',1972/07/04,SW GREENBURG RD,Portland,97223,OR,450-519-7556,
595,'Mr. Neil Bailey',1966/05/14,NE 37TH AVE,Portland,97211,OR,240-130-5633,
596,'Mr. Norman Neville',1984/08/22,SE 36TH PL,Portland,97202,OR,724-373-6584,
597,'Mr. Steve Ettinger',1911/01/14,SW 100TH AVE,Portland,97225,OR,651-028-1693,
598,'Mr. Arthur Welch',1985/06/15,SW MOUNTAIN RD,Portland,97068,OR,603-106-0487,
599,'Mr. Don Vanderbrul',1950/12/07,SE HAWTHORNE BLVD,Portland,97214,OR,173-236-3730,
600,'Ms Sherry Smith',1929/10/08,SE 145TH AVE,Portland,97236,OR,567-015-9738,
601,'Ms. Opal Wagner',1911/02/18,NW SCHMIDT WAY,Portland,97006,OR,502-191-5735,
602,'Mr. Eric Bolze',1935/08/05,NE ROCKSPRING ST,Portland,97006,OR,712-198-1256,
603,'Amy Irwin',1928/01/24,NW TIMBERVIEW LN,Portland,97229,OR,215-683-7634,
604,'Samatha Faraci',1950/04/02,15TH ST,Portland,97068,OR,103-245-8174,
605,'Tessa Ringo',1921/08/15,SE NEHALEM ST,Portland,97202,OR,442-436-5263,
606,'Lilia Wilson',1918/08/27,NE FLORAL PL,Portland,97232,OR,460-327-0790,
607,'Ms. Christina Eichelkraut',1964/05/19,NW BARTON CT,Portland,97106,OR,375-063-3628,
608,'Jennifer Ford',1904/02/20,SW 3RD AVE,Portland,97204,OR,564-030-0374,
609,'Ms Sherry Smith',1916/05/31,2ND ST,Portland,97034,OR,771-533-9661,
610,'Theresa Jones',1907/01/15,NE ALAMEDA ST,Portland,97212,OR,575-164-8216,
611,'Ms. Jessica Bueno',1953/03/11,SE LADD AVE,Portland,97214,OR,604-520-7262,
612,'Mr. Fred Palmer',1983/09/15,N MIDWAY AVE,Portland,97203,OR,153-432-5547,
613,'Ms. Lisa Donaldson',1995/08/01,NE HASSALO ST,Portland,97230,OR,345-194-3568,
614,'Ms. Sharon Schnakenberg',1911/05/28,E 1ST AVE,Portland,97023,OR,151-603-8151,
615,'Ms. Lisa Stoutenburg',1948/01/18,SW ALLEN BLVD,Portland,97005,OR,472-510-9105,
616,'Mr. Jack Leiber',1998/02/26,S QUAIL GROVE CIR,Portland,97045,OR,562-349-8576,
617,'Mr. Joe Borquez',1947/08/09,N HAYDEN ISLAND DR,Portland,97217,OR,711-246-1227,
618,'Ms. Leticia N. Rojas',1903/05/31,N WESTANNA AVE,Portland,97203,OR,706-157-0947,
619,'Ms. Karen L. Shepard',1946/06/04,NE 102ND AVE,Portland,97220,OR,356-230-4847,
620,'Karmela Mijadzevic',1910/02/14,SW CONESTOGA DR,Portland,97008,OR,565-057-1199,
621,'Ms. Opal Wagner',1933/05/26,SE DEL RIO CT,Portland,97123,OR,305-207-8224,
622,'MS MELISSA LOYD',1968/07/17,NE EVERETT ST,Portland,97232,OR,434-561-6452,
623,'Mr. Patrick Shelton',1949/05/08,SE LINN ST,Portland,97202,OR,777-390-7470,
624,'Samatha Faraci',1955/01/25,NE MASON ST,Portland,97220,OR,412-481-2571,
625,'Ms. Jessica Bueno',1926/02/19,SW 130TH AVE,Portland,97008,OR,503-263-5751,
626,'Ms Rosalie Murch',1965/01/25,SW 170TH AVE,Portland,97003,OR,227-057-3101,
627,'Linda M. Hamilton',2002/04/02,NE COUNTRY CLUB AVE,Portland,97030,OR,272-609-5170,
628,'Mr. Gerardo Encinas',1927/09/16,NE 79TH AVE,Portland,97006,OR,755-731-7652,
629,'Susan Martin',1946/03/20,SE LONG ST,Portland,97206,OR,633-698-5950,
630,'Pete Marx',1978/08/09,SW LOMBARD AVE,Portland,97005,OR,647-087-9479,
631,'Ms. Hillary Rusk',1993/06/05,SW 158TH PL,Portland,97007,OR,315-200-5217,
632,'Antoinette Riley',1967/01/31,SE GRANT ST,Portland,97216,OR,472-159-1602,
633,'Linda M. Hamilton',1994/11/28,SE MAIN ST,Portland,97214,OR,510-490-9166,
634,'Kit Lathrop',1925/11/11,SE KELLY ST,Portland,97202,OR,235-256-4752,
635,'Lilia Wilson',1970/11/02,SE KITZMILLER RD,Portland,97022,OR,577-668-3178,
636,'Mr. Jerry L. Cline',1957/12/06,SW GLENBROOK RD,Portland,97007,OR,273-443-5492,
637,'Mr. Michael Rodgers',1909/07/16,NE GRAND AVE,Portland,97212,OR,733-433-9814,
638,'Ms. Anne Cornelius',1964/06/04,S COLE AVE,Portland,97038,OR,434-226-3601,
639,'Twanna Brunson',1917/03/05,SE ROBERTS AVE,Portland,97080,OR,256-410-9973,
640,'Mr Leo Barabe',1920/06/12,NW 161ST AVE,Portland,97006,OR,433-055-2858,
641,'Ms. Linda Blackford',1979/03/18,SE 36TH AVE,Portland,97222,OR,363-492-6151,
642,'Mr. Michael Newport',1931/10/08,SW 139TH AVE,Portland,97224,OR,234-701-2092,
643,'Mr. William Peterson',1912/05/04,NW 9TH AVE,Portland,97209,OR,511-383-2536,
644,'Ms. Nancy Steriotis',2006/08/17,SW MAPLECREST DR,Portland,97219,OR,122-046-3416,
645,'Ms Carol Hobbs',1942/06/16,SE 137TH DR,Portland,97086,OR,442-449-1614,
646,'MS KATHY SEATON',1911/10/29,19TH AVE,Portland,97116,OR,374-099-4486,
647,'Mr. George Pfundhellen',1902/11/26,SW BERTHOLD ST,Portland,97005,OR,114-277-2147,
648,'Mr. Jerry Foley',1996/09/23,SE HARNEY DR,Portland,97206,OR,204-411-0369,
649,'Mr. Scott Anderson',2009/05/07,NW FLORENCE AVE,Portland,97030,OR,341-470-5088,
650,'Tom & Lori McGrain',1924/10/12,SW PARK AVE,Portland,97201,OR,315-362-7877,
651,'Amanda Powell',1943/01/27,NE AURORA DR,Portland,97124,OR,120-612-9041,
652,'Ms. Jackie Barkworth',1922/08/08,N LEAVITT AVE,Portland,97203,OR,660-645-6738,
653,'Mrs. Donna Frederickson',1964/11/13,NW 10TH AVE,Portland,97209,OR,565-240-8025,
654,'Ms. Debbie Pameticky',2000/11/30,HWY 213,Portland,97045,OR,650-671-5807,
655,'Mr William Russell',1981/03/19,SE AZALEA DR,Portland,97267,OR,665-553-9884,
656,'Mr. Chuck Wetzel',1929/11/11,NE BARBERRY DR,Portland,97124,OR,420-214-0973,
657,'Brenda Leonard',2008/08/22,SW 1ST ST,Portland,97140,OR,616-125-8234,
658,'Chris Stewart',1986/09/14,SW ILLINOIS ST,Portland,97239,OR,506-503-9400,
659,'James Kraft',1972/02/16,SE PORTER RD,Portland,97023,OR,632-129-2009,
660,'Mr. Ray Bjorklund',1925/03/18,SE MCLOUGHLIN BLVD,Portland,97222,OR,761-612-5340,
661,'Ms. Barbara O'Bannon',1918/04/23,SE BOISE ST,Portland,97266,OR,630-174-0856,
662,'Ms. Carol Hildeen',1990/06/21,SW CENTER ST,Portland,97223,OR,572-252-3523,
663,'Mr. KURT TITTELBACH',1904/06/12,SE POWELL BLVD,Portland,97236,OR,765-361-2334,
664,'Lyn Gerdis',1949/05/13,SE MONROE ST,Portland,97222,OR,557-547-7563,
665,'Jesi Wolnik',2005/02/25,SE 111TH AVE,Portland,97216,OR,664-180-3123,
666,'MR SAUL MARTINEZ',1969/04/14,NE 12TH AVE,Portland,97212,OR,750-399-3234,
667,'Alejandro Castro',1928/11/25,SE CHERRY BLOSSOM WAY,Portland,97015,OR,105-681-3324,
668,'Mr. Dan Trozzi',1998/05/17,NE 21ST AVE,Portland,97212,OR,677-472-3413,
669,'Mr. David Bendtsen',1957/09/26,SW ASH AVE,Portland,97223,OR,461-710-2884,
670,'Mr. Scott Schweda',1983/12/07,SW CANTER CT,Portland,97008,OR,240-435-8867,
671,'NANCY HILL',1972/05/23,NW UPSHUR ST,Portland,97210,OR,446-215-6134,
672,'Mr. David Bendtsen',1950/04/26,SE STARK ST,Portland,97214,OR,461-514-8597,
673,'Mrs. Denise Summers',1990/09/13,NW GERMANTOWN RD,Portland,97231,OR,305-552-1413,
674,'Ms Desta Stultz',1992/03/03,SW ALICE LN,Portland,97008,OR,642-196-5926,
675,'Ms. Rose E. McHenry',2002/01/07,SW ESTUARY DR,Portland,97006,OR,110-358-8293,
676,'Derrick Williams',1940/08/14,NW EASTMAN PKWY,Portland,97030,OR,703-020-8523,
677,'Mr. David Page',1987/12/01,N HAYDEN BAY DR,Portland,97217,OR,264-249-1602,
678,'Susan Martin',1902/06/30,SE BRISTOL LOOP,Portland,97086,OR,661-553-1053,
679,'Ms Rosalie Murch',1913/07/30,SW NORTH DAKOTA ST,Portland,97223,OR,606-336-9302,
680,'Mr. Bill Troy',2001/07/20,SW HUNZIKER RD,Portland,97223,OR,705-669-1769,
681,'Ms. Brenda Rodenberger',1924/09/14,SW WALNUT ST,Portland,97223,OR,341-354-6458,
682,'Rev. David Ragan',2005/04/02,SE MILWAUKIE AVE,Portland,97202,OR,424-383-5707,
683,'Ms. Barbara Ralston',1935/02/24,PROSPERITY LN,Portland,97045,OR,500-712-7502,
684,'Ms. Leatrice Kitchell',1923/07/22,NW CENTRAL DR,Portland,97229,OR,205-578-0288,
685,'Katherine Sprague',1932/10/21,SE HWY 212,Portland,97089,OR,611-534-6096,
686,'Ms. Robin Mofford',1920/10/09,SE 36TH AVE,Portland,97202,OR,603-325-2824,
687,'MS KATHY SEATON',1934/10/05,PAYSON LN,Portland,97045,OR,637-651-9731,
688,'Mr. Joe Schneider',1973/07/21,SE 88TH AVE,Portland,97266,OR,361-085-2040,
689,'Mr. Jim Mapstead',1951/04/05,SE WALNUT ST,Portland,97123,OR,773-550-5858,
690,'Ms. Faye Gray',1999/10/24,SW HEMLOCK ST,Portland,97223,OR,763-114-1649,
691,'Tim Phelps',1974/04/17,NE RODNEY AVE,Portland,97212,OR,315-259-8757,
692,'Ms. Cynthia Rojas',1955/04/30,SW 26TH CT,Portland,97080,OR,517-583-4504,
693,'MS LISA FLORES',1910/06/21,N BARLOW CT,Portland,97113,OR,671-586-6576,
694,'Leo Clark',1921/08/04,NW KEARNEY ST,Portland,97209,OR,503-277-3708,
695,'Ms. Angela Vera',1929/01/28,SW RAYNARD RD,Portland,97123,OR,654-145-4088,
696,'Ms. Silvia Salas',1954/08/10,NW GILLIHAN RD,Portland,97231,OR,734-079-3399,
697,'Ms. Faye Gray',1995/01/09,NE 42ND AVE,Portland,97213,OR,226-306-8760,
698,'Carlos Gaona',1942/01/25,26TH AVE,Portland,97116,OR,546-708-7808,
699,'Ms. Mary Anne Barger',2001/11/24,SE REEDWAY ST,Portland,97266,OR,501-163-8351,
700,'Ms. Carrie Klein',1956/07/22,SW KRAFT LOOP,Portland,97223,OR,637-688-0999,
701,'Ms. Caroline Lobo',1922/01/27,SW MARLIN AVE,Portland,97035,OR,251-134-2606,
702,'Mr. Michael Rodgers',1913/05/17,NE 76TH AVE,Portland,97213,OR,301-711-7691,
703,'Juan Delgado',1986/04/26,N IVY ST,Portland,97013,OR,635-204-0107,
704,'Ms Colleen Jammer',1997/08/24,SE LAKE RD,Portland,97222,OR,372-108-5724,
705,'Jeanette Carter',2002/05/23,NE 38TH AVE,Portland,97211,OR,241-531-7306,
706,'Ms. Maureen Williams',1918/07/02,NE IRVING ST,Portland,97220,OR,526-366-1933,
707,'Ms Pam Hoffer',1990/06/22,SW POPLARWOOD PL,Portland,97062,OR,676-561-0633,
708,'Ms. Rita Jensen',1953/03/30,STONEHILL ST,Portland,97027,OR,162-391-8219,
709,'Shawn Johnston',2006/05/09,NE 15TH AVE,Portland,97212,OR,455-242-2053,
710,'Ms Bridget Dickinson',1920/08/08,SE RIVER RD,Portland,97222,OR,241-523-0958,
711,'Mr. & Mrs. Patti & Mike Racine',1920/11/29,SW AUDUBON ST,Portland,97003,OR,251-125-4467,
712,'Jean Long',2009/04/29,SE 7TH AVE,Portland,97214,OR,471-088-3268,
713,'Suzanne Forman',2005/06/14,SE TENINO CT,Portland,97266,OR,571-418-6284,
714,'Mr. Ryan Ewing',1997/08/07,LOT WHITCOMB DR,Portland,97045,OR,454-277-7882,
715,'John Cabezas',1965/01/08,N KILLINGSWORTH ST,Portland,97217,OR,243-665-7620,
716,'Mr. Brad Moore',2005/02/22,SW 2ND AVE,Portland,97204,OR,130-729-9215,
717,'Ms. Geraldine Colbert',2004/03/01,E HWY 26,Portland,97067,OR,226-135-1267,
718,'Mr William Russell',1944/11/24,SE 71ST AVE,Portland,97206,OR,245-429-8172,
719,'Mr. Michael Payne',2001/01/19,NE 100TH AVE,Portland,97220,OR,330-391-5145,
720,'Ms. Valerie Flower',1943/10/28,SE 79TH AVE,Portland,97206,OR,264-302-3028,
721,'Mrs Helen Dynjan',1957/03/21,SCARBOROUGH DR,Portland,97034,OR,711-153-6619,
722,'Mr. Anthony Colamartini',1978/05/30,NW MELINDA AVE,Portland,97210,OR,301-039-8268,
723,'Mr. Scott Witte',1962/12/16,NE BRIDGETON RD,Portland,97217,OR,443-286-4572,
724,'Mr. Vernon Powell',1916/02/14,SE 165TH AVE,Portland,97233,OR,133-408-4147,
725,'Ms. Sylvia Iodice',1910/07/24,SW SONNET WAY,Portland,97224,OR,431-245-0952,
726,'Ms. Debbie Jefferson',1949/03/14,SW WILDWOOD ST,Portland,97224,OR,105-680-0121,
727,'Mr. R. Edward Glass',1943/06/12,NE SCHUYLER ST,Portland,97220,OR,512-018-2918,
728,'Mr. Brad Moore',1926/11/19,SW LESSER RD,Portland,97219,OR,720-147-1921,
729,'Carol Gross',1930/08/28,SE ASPEN SUMMIT DR,Portland,97266,OR,742-425-2404,
730,'Ms Bridget Dickinson',1956/06/09,SW 149TH PL,Portland,97224,OR,476-136-7171,
731,'Ms Janice Gordon-Caddy',1932/11/28,SE HOLGATE BLVD,Portland,97202,OR,550-242-6124,
732,'Mr. Anthony Colamartini',2000/12/17,NW SUNSET AVE,Portland,97106,OR,144-667-3475,
733,'Mr. Michael Lowery',1943/11/13,SE 122ND AVE,Portland,97233,OR,543-327-8111,
734,'Karen Vojtek',1924/07/06,GALEN RD,Portland,97035,OR,137-707-1855,
735,'Mr. Wayne Kastrinos',1961/04/15,SW LANCASTER WAY,Portland,97078,OR,517-343-0281,
736,'05',1915/07/17,SW 26TH AVE,Portland,97219,OR,101-282-8034,
737,'Mary Hernandez',1976/01/01,NE ASHBERRY DR,Portland,97124,OR,517-632-2847,
738,'Mr. William Peterson',2004/05/29,NATHAN LN,Portland,97024,OR,433-734-7497,
739,'Gerald Weber',1980/11/24,SE DUUS RD,Portland,97023,OR,707-198-8439,
740,'Ms. Connie Armstrong',1984/03/10,SW MONTGOMERY DR,Portland,97201,OR,125-376-1841,
741,'Mrs. Cynthia Zbiegien',1984/05/11,S IVY ST,Portland,97013,OR,421-682-1814,
742,'Mr Fred Boughten',1962/10/18,SE EDGEWAY DR,Portland,97006,OR,560-167-3498,
743,'Ms. Brittaney Chipley',1976/11/02,SE 31ST AVE,Portland,97214,OR,235-413-8962,
744,'Ms. Valerie Flower',1953/02/06,SW SPRING GARDEN ST,Portland,97219,OR,330-495-3971,
745,'Mr. Norris Cecil',1920/11/01,SW BOONES FERRY RD,Portland,97062,OR,447-736-5143,
746,'Ms. Susan Fraley',2008/05/17,SE EVANS AVE,Portland,97060,OR,750-475-5944,
747,'Mr. Michael Siek',1994/06/29,NE 59TH AVE,Portland,97213,OR,543-140-8317,
748,'Ms. Dawn Vaughn',1954/04/22,SW 189TH AVE,Portland,97007,OR,740-374-8961,
749,'Mr Bob Shepard',1957/11/25,NW 132ND AVE,Portland,97229,OR,161-001-8790,
750,'Ms Kathy Henwood',1980/06/04,NE 152ND AVE,Portland,97230,OR,152-683-7843,
751,'Mr. Dennis Daw',1907/03/20,SW JEFFERSON ST,Portland,97201,OR,404-708-6407,
752,'R.E. GUILLION',1946/10/27,SW ERIO PL,Portland,97062,OR,100-251-3942,
753,'Rev. David Ragan',1906/06/28,NE HERROLD CT,Portland,97124,OR,177-547-5371,
754,'Mr Greg Davis',1939/08/28,NE GLISAN ST,Portland,97213,OR,311-741-1483,
755,'Ms. Cathy Riemersma',1938/04/25,SW FREEMAN CT,Portland,97219,OR,152-682-7720,
756,'DEBBIE SOSA',1986/01/19,SW 135TH AVE,Portland,97223,OR,322-575-1429,
757,'Ms. Mary Ellen Freundlich',2008/03/08,SW 55TH CT,Portland,97062,OR,144-124-7955,
758,'ms Nancy Potts',2008/09/27,SE 53RD AVE,Portland,97215,OR,542-345-3304,
759,'Dr. Frank Beaudrot',1980/10/11,SW LASALLE RD,Portland,97119,OR,570-709-1171,
760,'MS ANN WATTS',1931/11/06,SW 217TH PL,Portland,97003,OR,747-085-1241,
761,'Ms. Sheryl Neal',1997/03/10,SE DIVERS RD,Portland,97023,OR,674-730-3043,
762,'Mr Charles Austin',1954/02/24,PRIMROSE LN,Portland,97116,OR,261-221-7083,
763,'Lisa Brown',1979/06/25,NW 123RD AVE,Portland,97229,OR,741-191-9806,
764,'Pat Wilkinson',1953/02/12,SW GRANT AVE,Portland,97223,OR,140-406-5854,
765,'Mr. Craig Steblay',1979/12/14,NE MODA WAY,Portland,97124,OR,473-552-0874,
766,'Bob Graham',2003/03/19,S CENTRAL POINT RD,Portland,97013,OR,354-710-0941,
767,'Mrs. Cynthia Zbiegien',1914/09/26,SW TRILLIUM CREEK TER,Portland,97225,OR,522-538-1081,
768,'Carlos Gaona',1986/10/30,SE TACOMA ST,Portland,97202,OR,405-466-8499,
769,'Ms. Luz Mireles',1980/07/05,S WALL ST,Portland,97017,OR,406-029-4393,
770,'Ms. Mary Ellen Freundlich',1941/06/19,SW ROSEMARY LN,Portland,97223,OR,660-118-1960,
771,'Sheryl Clark',1953/06/21,SW ORCHID CT,Portland,97219,OR,315-596-1551,
772,'ms Carol Mercer',1991/10/27,SW LEGACY OAK WAY,Portland,97223,OR,336-334-9665,
773,'Ms. Sherry Rampy',1997/10/19,NE 133RD AVE,Portland,97230,OR,100-458-4732,
774,'Mr. William Peterson',1906/09/16,S 1ST AVE,Portland,97123,OR,215-002-9220,
775,'Ms. Nancy Miller',2005/05/21,NW QUEENS CT W,Portland,97124,OR,143-740-3763,
776,'MR. GARY KIRKILAS',1956/10/13,SW 12TH AVE,Portland,97205,OR,777-311-6117,
777,'Mr. Tom Chauncey',1986/08/17,NE HILL WAY,Portland,97023,OR,234-510-2944,
778,'Ms. Mary Moore',1987/06/04,GREYSTOKE DR,Portland,97035,OR,576-212-9858,
779,'Mr. Allen Patrou',1992/11/10,SW 3RD AVE,Portland,97201,OR,555-654-0377,
780,'Ms Judy Nichols',1942/04/11,SW HALL BLVD,Portland,97223,OR,603-635-5751,
781,'Ms. Victoria Pratl-Pendleton',1926/12/20,SE SWAIN AVE,Portland,97267,OR,344-376-7982,
782,'Mr. Noelan Vanderbeek',1993/05/05,SE LEXINGTON ST,Portland,97202,OR,272-478-1651,
783,'Robbie Oppen',1983/07/03,SE RIVER RD,Portland,97222,OR,555-701-7778,
784,'Mr. Ed Lehman',1926/09/10,S HARDING RD,Portland,97045,OR,152-644-4387,
785,'Mr. Mary Lou Troendle',1992/10/24,SW BRITTANY DR,Portland,97080,OR,753-476-6299,
786,'Twanna Brunson',1970/05/28,NE 17TH AVE,Portland,97124,OR,174-133-9559,
787,'Mr. George Immerso',1934/07/08,NE SANDY BLVD,Portland,97024,OR,232-526-3031,
788,'Ms. Tracy Byers',1997/07/08,SW SOPRANO LN,Portland,97225,OR,343-598-9940,
789,'MS KATHY SEATON',1930/09/19,TOUCHSTONE,Portland,97035,OR,251-182-1727,
790,'Mr. Ulyses Rojas',1930/05/31,SE 205TH AVE,Portland,97030,OR,116-471-4025,
791,'Ms Kathy Henwood',1985/06/02,S STOLTZ RD,Portland,97045,OR,663-191-4857,
792,'Ms Kali Dobry',1967/04/16,SE 150TH AVE,Portland,97233,OR,357-169-9931,
793,'Mr. Ray Bjorklund',1922/10/07,SW 48TH PL,Portland,97221,OR,570-397-4383,
794,'Mr. Harry Cook',1957/01/09,SE OAK ST,Portland,97030,OR,605-279-5551,
795,'Mr. Raymond Walker Jr.',2005/08/29,NW OAK WAY,Portland,97106,OR,773-531-2918,
796,'Mr. Ben Madsen',1987/02/08,FALLS ST,Portland,97116,OR,522-065-3332,
797,'Ms. Fran Parker',2004/09/06,N WILLAMETTE BLVD,Portland,97203,OR,335-681-5961,
798,'Steve Tatge',1991/12/23,SW 92ND AVE,Portland,97223,OR,137-469-8276,
799,'Henrieta Anderson',1963/03/27,S FISCHERS MILL RD,Portland,97045,OR,377-283-6780,
800,'Mr. Alan Gaugert',1965/08/07,SE WELLINGTON CT,Portland,97086,OR,505-076-7006,
801,'Ms. Lu Rendon',1942/03/06,SW TIMBERLAND DR,Portland,97007,OR,525-103-1418,
802,'Mr. Bruno Bukowski',1947/09/04,SE RISLEY AVE,Portland,97267,OR,162-603-5208,
803,'Mr. Tom Howell',1955/05/11,SE 82ND AVE,Portland,97216,OR,461-427-4781,
804,'Ms. JoAnn Sandoval',1988/09/14,NE HOGAN PL,Portland,97030,OR,443-097-4701,
805,'Ms. Leticia Rivera',1964/10/30,NE VININGS WAY,Portland,97124,OR,457-493-9824,
806,'MR JASON COTTER',1986/06/28,SE 127TH AVE,Portland,97015,OR,301-735-9811,
807,'Ms. Evelyn Billings',1999/09/16,HILLCREST DR,Portland,97068,OR,271-407-0050,
808,'Mr. John M. Schroeder',1923/09/05,NE 36TH AVE,Portland,97211,OR,561-463-5679,
809,'Joe Abrahamson',1934/02/16,N AMHERST ST,Portland,97203,OR,374-457-8649,
810,'Ms. Virginia Anders',1983/06/04,SW SCHOLLS FERRY RD,Portland,97008,OR,654-467-9308,
811,'Ms. Lolla Hansen',1905/12/06,SE KNAPP ST,Portland,97206,OR,312-451-9277,
812,'Mr. Gary Jewell Sr.',2010/02/19,NE 179TH AVE,Portland,97230,OR,312-054-5474,
813,'Kim Aiello',1939/05/22,NW SKYLINE BLVD,Portland,97229,OR,675-016-5568,
814,'Ms. Joyce Krall',1925/01/15,SW FLORENCE LN,Portland,97223,OR,634-333-2662,
815,'Mr. Steve Ettinger',1935/04/19,SW WRIGHT CT,Portland,97078,OR,226-467-9200,
816,'Shawn Johnston',1921/02/08,PARKVIEW DR,Portland,97035,OR,243-702-9738,
817,'Mr. Craig Steblay',1928/09/25,SW VACUNA ST,Portland,97219,OR,507-451-3143,
818,'Alejandro Castro',1936/09/18,SE CLINTON ST,Portland,97206,OR,430-709-1912,
819,'Mr. Dennis Fitz-Patrick',1982/10/06,SW TERWILLIGER BLVD,Portland,97219,OR,503-456-1227,
820,'MS DEENA LIPINSKI',1903/05/21,SE 35TH AVE,Portland,97202,OR,416-696-5048,
821,'Mr. Ben Madsen',2003/05/06,SE HWY 212,Portland,97089,OR,363-368-9504,
822,'Mr. Kenneth Jones',1917/09/12,SW CAPITOL HWY,Portland,97219,OR,313-450-9204,
823,'Dr. Frank Beaudrot',1905/11/07,NW KOLLENBORN LN,Portland,97229,OR,766-613-1766,
824,'John Cabezas',1992/08/26,SE CEDAR CREEK LN,Portland,97023,OR,430-306-0951,
825,'Mr. Lenny Cowles',1932/08/10,SW SCHOLLS FERRY RD,Portland,97008,OR,570-525-2863,
826,'Ms. Jan Smith',1991/06/25,SE 24TH AVE,Portland,97202,OR,515-139-9165,
827,'Mr. Michael Beetham',1900/01/08,SW INTERMARK ST,Portland,97225,OR,337-567-5009,
828,'Ms. Andrea McCoy',1992/02/14,SW SWEEK DR,Portland,97062,OR,743-030-2650,
829,'Ms. Kelly Ericson',1986/12/23,SE STARK ST,Portland,97214,OR,467-590-1340,
830,'Ms. Danita Rios',1936/06/22,SW BEAVERTON HILLSDALE HWY,Portland,97221,OR,646-661-8721,
831,'Ms. Gloria Marsigua',1971/07/01,SW FARMINGTON RD,Portland,97078,OR,765-378-5398,
832,'Karen Bauer',1986/09/24,SE 36TH AVE,Portland,97202,OR,500-292-7963,
833,'Kim Aiello',1959/07/31,SW ST CLAIR AVE,Portland,97205,OR,543-014-1669,
834,'Laura Stover',1922/01/18,NW RIDGE RD,Portland,97229,OR,636-644-5216,
835,'SEAN SWEAT',1971/10/09,SW MARIGOLD ST,Portland,97219,OR,644-659-5563,
836,'MS Kimberly Owens',1961/02/21,SE 120TH AVE,Portland,97266,OR,322-024-2312,
837,'Ms. Melody Claypool',1957/12/01,E ROAD 20,Portland,97049,OR,100-567-8633,
838,'Mr. Jerry Overfield',1939/05/02,N ST LOUIS AVE,Portland,97203,OR,366-655-7908,
839,'Madeline Becchina',1990/02/21,N MASON ST,Portland,97227,OR,136-328-5864,
840,'Mr. John Cassidy',1902/01/03,SE 35TH AVE,Portland,97214,OR,550-302-7506,
841,'Mr. IRAN Neidorf',1987/03/20,SE ALDER ST,Portland,97233,OR,314-382-2517,
842,'Ms. Rita Jensen',1948/06/03,SE SPRING MOUNTAIN DR,Portland,97086,OR,121-257-4072,
843,'Ms. Roxanne Nardeccia',1970/01/20,N WILLIS BLVD,Portland,97203,OR,210-441-0007,
844,'Mr. Philip Zeblisky',1987/04/26,N LOTUS BEACH DR,Portland,97217,OR,734-130-9180,
845,'Ms. Mary Moore',2003/03/27,SW HUNZIKER RD,Portland,97223,OR,262-460-0019,
846,'Officer Sheree Lee',1944/11/02,SW BALD PEAK RD,Portland,97123,OR,305-632-8897,
847,'Ms. Linda Blackford',1914/03/01,SW DURHAM RD,Portland,97224,OR,244-193-2591,
848,'Ms. Pam Walter',1980/10/12,NE 13TH AVE,Portland,97212,OR,352-125-1587,
849,'Bob Graham',1910/08/14,SE FORTRESS LN,Portland,97123,OR,114-212-2383,
850,'Ms. Trisha Morrison',1942/05/29,SE 205TH DR,Portland,97030,OR,701-513-5160,
851,'Mr. George King',1983/04/18,NW TULLAMORRIE WAY,Portland,97229,OR,346-472-7210,
852,'Ms Lourdes Pagan',1920/07/08,NE ROMANE PL,Portland,97006,OR,203-079-8339,
853,'Ms. Sue Moyer',1923/01/30,NW CANTERWOOD WAY,Portland,97229,OR,310-277-6291,
854,'Ms. Luz Mireles',1908/11/22,N LOMBARD ST,Portland,97203,OR,172-271-4542,
855,'Mr. Dan Trozzi',1993/10/03,SW ESTUARY DR,Portland,97006,OR,215-338-0723,
856,'Ms Katherine Magerkurth',1957/07/29,SW SKIVER CT,Portland,97078,OR,546-055-9576,
857,'Ms. Hillary Rusk',1964/01/07,N COMMERCIAL AVE,Portland,97217,OR,311-292-6886,
858,'Mrs. Kate Bauer',2002/01/28,NE 61ST AVE,Portland,97213,OR,146-173-5328,
859,'Leo Clark',1993/09/11,SE NEHALEM ST,Portland,97202,OR,347-629-4524,
860,'Mr. Charles Marvin',1938/12/25,NE 6TH AVE,Portland,97212,OR,501-066-7504,
861,'Mr. Jim Boozer',1967/05/08,SW PHILADELPHIA WAY,Portland,97006,OR,244-558-3079,
862,'Mr. Nicolas Cortez',1913/01/24,SW 170TH AVE,Portland,97007,OR,161-563-7684,
863,'Mr. Harry Cook',1963/06/09,SE 135TH AVE,Portland,97233,OR,471-553-2905,
864,'Thomas Stern',1940/06/05,SE LAVA DR,Portland,97222,OR,431-614-3025,
865,'Jeff Tisot',1938/08/23,N LOMBARD ST,Portland,97217,OR,604-661-1045,
866,'Jean Long',1915/02/01,SE HWY 224,Portland,97022,OR,276-095-4053,
867,'MS KATHY SEATON',2005/12/29,SW OAK CREEK DR,Portland,97219,OR,705-190-8896,
868,'Mr. Marc Morales',2008/09/08,NW STONEBRIDGE DR,Portland,97229,OR,247-536-7798,
869,'Ms. Lucy Sbrocchi',1951/11/18,NE COLUMBIA BLVD,Portland,97218,OR,102-405-1141,
870,'Ms Sarah Frith',1917/01/06,E MARION RD,Portland,97049,OR,271-455-7531,
871,'Mr. Ed Dziuk',1920/03/15,SE 302ND AVE,Portland,97060,OR,163-619-6489,
872,'Ms. Donna Petraitis',2002/06/12,N MONTANA AVE,Portland,97217,OR,562-667-2531,
873,'Ms. Shirley M. Nash',1956/05/18,SE 101ST AVE,Portland,97266,OR,725-411-8824,
874,'Mr. Larry Whitesell',1995/05/10,E HISTORIC COLUMBIA RIVER HWY,Portland,97060,OR,706-281-5731,
875,'Mr. Walter Ansley',1913/02/25,SW SPRING GARDEN ST,Portland,97219,OR,104-730-0235,
876,'Mr. Ed Dziuk',1963/03/01,SW BONITA RD,Portland,97224,OR,662-027-0056,
877,'Ms. Barbara Geidel',1974/09/16,SW 60TH PL,Portland,97221,OR,515-172-0647,
878,'Mr Scott Allsup',1924/07/11,SW WILSONVILLE RD,Portland,97070,OR,665-231-8846,
879,'Ms. Mary Catherine Schneider',1951/11/11,NW JOHNSON ST,Portland,97209,OR,421-314-2713,
880,'Mr. Arthur Welch',1978/01/15,NW LOST SPRINGS TER,Portland,97229,OR,357-286-7727,
881,'Mr. Cory Kincaid',1938/09/13,N GREENWICH AVE,Portland,97217,OR,765-506-5029,
882,'Ms. Yolanda Hensley',1933/07/25,SE 62ND AVE,Portland,97123,OR,663-487-3627,
883,'Mr. Dell Nolen',1903/06/06,SW 144TH AVE,Portland,97005,OR,667-569-8837,
884,'Mr. Noelan Vanderbeek',1902/04/25,SE TAYLOR ST,Portland,97216,OR,725-702-3227,
885,'Ms. Mary Ellen Freundlich',1942/10/23,NE BRIDGETON RD,Portland,97211,OR,123-004-0389,
886,'Ms. Melody Kow',1946/08/20,SE GLADSTONE ST,Portland,97202,OR,641-380-7949,
887,'Mr. Albert DiPiazza',2010/01/05,NE 162ND AVE,Portland,97230,OR,140-649-1157,
888,'Ms. Beverly Swan',1947/05/30,SE POWELL BLVD,Portland,97202,OR,740-299-8487,
889,'Mr. Ken Schwab',1972/06/02,SW APACHE DR,Portland,97062,OR,426-162-2047,
890,'OFFICER TOM OWSLEY',1999/01/05,SW MILLIKAN WAY,Portland,97003,OR,217-459-9704,
891,'Ms. Anne Cornelius',1926/05/31,TIMBERLINE DR,Portland,97034,OR,253-204-2676,
892,'Nadean Burnes',1901/09/06,SE 141ST AVE,Portland,97233,OR,166-500-3362,
893,'MS MARY ANN PALMER',1935/12/06,SE 64TH AVE,Portland,97206,OR,621-548-4027,
894,'MS MELISSA LOYD',1938/05/03,SE REGENCY VIEW ST,Portland,97086,OR,451-607-7921,
895,'Ms. Constance Combs',1992/03/07,SE HWY 224,Portland,97089,OR,443-203-5851,
896,'Ms. Willie Wady',1939/10/02,SW ROUNDTREE CT,Portland,97219,OR,736-708-9141,
897,'Pam Pawlowski',1909/09/02,SE 144TH LOOP,Portland,97086,OR,615-288-4077,
898,'Ms. Kathy Davis',1935/05/06,SW 50TH AVE,Portland,97221,OR,340-708-3985,
899,'Mr. Jim Hansen',1951/05/28,NW 183RD AVE,Portland,97006,OR,302-535-7716,
900,'Mr. Tom Chauncey',1936/09/15,SE SAN MARINO AVE,Portland,97123,OR,351-306-8606,
901,'Mr. Brian Bratspis',1916/12/06,SW HALL BLVD,Portland,97223,OR,260-416-8041,
902,'Ms. Christy Walker',1969/06/02,NW BARTLETT LOOP,Portland,97133,OR,240-403-5190,
903,'Mr. Richard Beall',1945/08/26,N MONTANA AVE,Portland,97217,OR,476-303-9373,
904,'ms Nancy Potts',1990/08/31,NW VAUGHN ST,Portland,97210,OR,150-669-0978,
905,'MR DAVID WAGNER',1985/09/27,SE HORSETAIL FALLS CT,Portland,97086,OR,732-168-1410,
906,'Mr. Philip Zeblisky',1985/08/04,SW 87TH AVE,Portland,97225,OR,674-611-6720,
907,'Ms. Liz Sherlock',1924/10/04,NE HANCOCK ST,Portland,97212,OR,226-697-3329,
908,'Mr. Mike Weber',1985/06/09,NW JOSEPH CT,Portland,97229,OR,747-030-9053,
909,'Mr. Robert Warnicke',1964/02/23,SW 142ND AVE,Portland,97005,OR,136-556-6053,
910,'Ms. Annette LaTorraca',1922/11/17,NE 194TH AVE,Portland,97230,OR,766-009-9948,
911,'MS DEENA LIPINSKI',1924/05/26,CASCADE ST,Portland,97045,OR,672-035-4869,
912,'MM Infantino',1971/04/24,SE 112TH AVE,Portland,97266,OR,457-690-5265,
913,'Mr. Lawrence G. Perl',2009/02/12,SW 100TH AVE,Portland,97224,OR,757-286-1910,
914,'Ms. Marissa Creager',1939/02/01,SW HALL BLVD,Portland,97008,OR,170-429-2057,
915,'Mr. Jerry L. Cline',1966/08/12,NW TUSTIN RANCH DR,Portland,97229,OR,532-040-0409,
916,'Ms. Bonny Laver',1917/03/23,SE MADISON ST,Portland,97216,OR,707-058-1536,
917,'Mr. Craig Steblay',1962/04/25,SE COOPER ST,Portland,97202,OR,642-317-3191,
918,'Mr. Brett Gramlich',1984/06/08,SW PARKHILL WAY,Portland,97219,OR,164-485-6021,
919,'Ms. Carol Kleindorfer',1977/09/29,SE 122ND AVE,Portland,97015,OR,756-732-4687,
920,'Mr. Lynn Shumway',1991/10/09,NW RALEIGH ST,Portland,97210,OR,545-652-3531,
921,'MR DOUG DICKSON',2009/05/22,SW MARSH HAWK MEADOW LN,Portland,97070,OR,542-577-7872,
922,'Mr. Fred Rodriguez',1977/09/11,W POWELL BLVD,Portland,97030,OR,365-701-0431,
923,'Ms. Deania Piper',1958/07/08,SW BUGLE CT,Portland,97224,OR,657-354-2458,
924,'Mr. Bill Brashears',1994/11/22,E LUPINE DR,Portland,97049,OR,144-471-4545,
925,'Ms. Brenda Rodenberger',1906/07/10,N AINSWORTH ST,Portland,97217,OR,113-544-8607,
926,'Ms. Sonja Davis',2002/08/20,N PRESCOTT ST,Portland,97217,OR,173-175-8328,
927,'Ms. Mary Jane Gregory',2005/02/11,N HAYDEN BAY DR,Portland,97217,OR,743-095-1989,
928,'Kit Lathrop',1909/02/22,SW CRESMER DR,Portland,97223,OR,422-207-9124,
929,'Mrs. Barbara Zuczek',1993/05/18,SW 47TH AVE,Portland,97219,OR,643-294-9712,
930,'Robbie Oppen',1985/12/12,SE 159TH AVE,Portland,97233,OR,375-713-7450,
931,'Mrs. Linda Bair',2003/07/05,SE 214TH AVE,Portland,97030,OR,364-162-2735,
932,'Ms Linda Kaufman',1946/11/19,S LEWELLEN RD,Portland,97004,OR,605-044-3770,
933,'Ms. Leticia N. Rojas',2009/09/05,NE 11TH AVE,Portland,97013,OR,725-658-9011,
934,'Ms. Judi Hayer',1960/01/27,SW WILLOWVIEW TER,Portland,97003,OR,740-388-9604,
935,'Mr. Richard Beall',1971/06/29,NW 29TH AVE,Portland,97210,OR,345-339-3908,
936,'Mr. Steve Freidkin',1973/11/07,S BUTTE CREEK RD,Portland,97375,OR,731-001-0460,
937,'Ms. Tena Bock',1977/01/31,NE POUNDER RD,Portland,97019,OR,202-615-2434,
938,'Ms. Liz Sherlock',1999/06/15,SE PLEASANT VALLEY PKWY,Portland,97086,OR,552-692-2324,
939,'Samatha Faraci',1962/01/19,SE 82ND DR,Portland,97015,OR,345-093-5858,
940,'Mr. David Page',1985/11/11,SE 64TH AVE,Portland,97206,OR,424-644-3909,
941,'Leo Clark',1997/01/20,SE 106TH AVE,Portland,97086,OR,403-562-0367,
942,'Mr. Bryan Caziez',1983/03/14,NE SACRAMENTO ST,Portland,97230,OR,126-442-7152,
943,'Ms Brianna Klink',1978/01/18,SW DENNEY RD,Portland,97008,OR,340-702-8044,
944,'Mr. & Mrs. Terri and Bruce Brown',1902/09/07,NE GLISAN ST,Portland,97230,OR,265-687-6192,
945,'Cindy Castellano',1982/11/29,SE BOISE ST,Portland,97206,OR,464-121-6219,
946,'Keri Griffith-Terry',1995/03/19,SW DOGWOOD DR,Portland,97035,OR,645-507-5916,
947,'Ms. Arcelia Zamora',1976/06/05,SW NATCHEZ ST,Portland,97062,OR,123-240-9030,
948,'Mr. Gregory C. Hintze,1949/04/18,SW CAPITOL HWY,Portland,97219,OR,111-113-6531,
949,'Ms. Caroline Lobo',1949/04/22,PASSAGE PKWY,Portland,97045,OR,424-353-9903,
950,'Anthony Demas',1919/03/20,SW PEPPERMILL CT,Portland,97007,OR,152-321-8095,
951,'Mr. Fred Hepperle',1927/05/13,CLUB HOUSE DR,Portland,97068,OR,173-606-8717,
952,'Ms. Debbie Pameticky',1985/01/19,SE BOISE ST,Portland,97266,OR,442-523-0101,
953,'Mr. Gregory C. Hintze,1985/09/06,SW MARIGOLD ST,Portland,97219,OR,566-316-5044,
954,'Mr. Jerry L. Cline',1947/04/04,SW LURADEL ST,Portland,97219,OR,766-098-6817,
955,'Mr. Pat Hale',1940/01/07,N IVANHOE ST,Portland,97203,OR,155-217-3535,
956,'Ms. Colleen King',1946/07/08,N HAIGHT AVE,Portland,97217,OR,525-224-4015,
957,'Mr. Louis Seletos',1901/08/06,S FERNWOOD RD,Portland,97038,OR,415-469-7098,
958,'Ms. Pauline Tafoya',1993/08/06,SW STONEHAVEN ST,Portland,97140,OR,256-580-0420,
959,'',1928/11/22,SE 282ND AVE,Portland,97080,OR,176-741-2790,
960,'Mr Bob Wieser',1956/12/17,NE THOMPSON ST,Portland,97220,OR,172-559-1701,
961,'Mr. Donald Mickus',1947/11/28,SE WAVERLY CT,Portland,97222,OR,320-448-3581,
962,'Ms. Rita Jensen',1981/02/18,N LOMBARD ST,Portland,97203,OR,524-628-4866,
963,'Sue McCann',1976/12/22,NE MULTNOMAH ST,Portland,97213,OR,255-019-2794,
964,'Ms Janice Gordon-Caddy',2006/10/05,SW CAPITOL HWY,Portland,97219,OR,243-004-7107,
965,'Anna Maki',2003/03/12,SE CORA ST,Portland,97206,OR,440-420-5493,
966,'Ms. Nancy Johnson',1935/09/02,N DOUGLAS LN,Portland,97013,OR,604-103-1344,
967,'Mr. Harry Garewal',1960/01/13,SE DIVISION ST,Portland,97233,OR,360-462-8482,
968,'Thomas Stern',1998/03/28,SE LINWOOD AVE,Portland,97222,OR,376-561-4741,
969,'Mr. Ron Freinmark',2007/11/24,SW 17TH ST,Portland,97008,OR,220-256-4444,
970,'Mr. Walter Jones',1927/10/01,SE CORA ST,Portland,97206,OR,641-299-9663,
971,'Ms. Brenda Rodenberger',1961/11/12,NE 181ST AVE,Portland,97230,OR,100-496-7156,
972,'Myrtle Hall',1915/08/28,NW GLISAN ST,Portland,97210,OR,146-739-4427,
973,'Ms. Katarina Ebert',1977/02/21,NE 62ND AVE,Portland,97218,OR,122-490-2115,
974,'Mr. Jeff Spellman',1951/11/01,SW PARK PL,Portland,97205,OR,543-333-4589,
975,'Ms. Katarina Ebert',1952/05/14,N BERKELEY AVE,Portland,97203,OR,472-344-5385,
976,'Ms. Tracy Byers',1961/06/04,DUBARKO RD,Portland,97055,OR,270-582-9414,
977,'Ms. Rene Chase-Default',1994/02/08,SE ABERNETHY LN,Portland,97267,OR,765-567-2409,
978,'Ms Chanice Reid',1959/01/21,SE 23RD AVE,Portland,97202,OR,500-507-4157,
979,'Ms. Sally Tuttle',1946/08/22,SW FAIRWAY DR,Portland,97225,OR,602-169-9158,
980,'Mr. Steve Kramer',1931/09/13,SE PALMQUIST RD,Portland,97080,OR,437-298-8338,
981,'Ms. Linda Shelton',1913/06/16,SE HAMPSHIRE LN,Portland,97267,OR,373-536-3642,
982,'Ms. Deborah Cookson',1949/11/01,SE TACOMA ST,Portland,97202,OR,701-172-9928,
983,'Ms. Linda Colino',1994/07/29,S HWY 211,Portland,97017,OR,143-102-8893,
984,'Mr. Dave Plew',1939/12/15,SE MILL ST,Portland,97214,OR,517-232-4305,
985,'Ms. Kitty Woodward',1973/04/12,SE 33RD AVE,Portland,97202,OR,134-180-4823,
986,'MR Mike Haddad',1962/01/26,SE FLAVEL ST,Portland,97236,OR,116-580-9480,
987,'Karmela Mijadzevic',1962/08/05,SE TRACY RD,Portland,97023,OR,161-274-4620,
988,'Mr. Scott Schweda',1912/03/21,SE ROUNDELAY ST,Portland,97123,OR,247-393-7034,
989,'Myrtle Hall',1924/05/09,SW COLYER PL,Portland,97224,OR,354-426-5474,
990,'MR JOHN WAHMAN',1941/09/06,NE ALBERTA CT,Portland,97218,OR,507-545-3191,
991,'Ms. Kathy Cale',1973/07/04,SE HWY 212,Portland,97015,OR,221-041-0086,
992,'Ms. Barbara Norris',1949/01/07,NE ALBERTA ST,Portland,97218,OR,700-612-0830,
993,'Sharon Sheils',1900/11/24,SE CONNETT RD,Portland,97019,OR,703-069-5684,
994,'Mrs Helen Dynjan',2000/10/08,S REDLAND RD,Portland,97045,OR,405-093-5053,
995,'Tessa Ringo',1940/09/03,SW 172ND TER,Portland,97007,OR,310-216-3387,
996,'Candy Berkner-Frogozo',1992/04/09,SW 31ST AVE,Portland,97219,OR,573-503-0882,
997,'Karen Vojtek',1918/01/03,SW HAZELBROOK RD,Portland,97062,OR,327-135-4137,
998,'Ms. Mary Reich',1926/08/15,E ROAD 20,Portland,97049,OR,652-121-6454,
999,'Security',1907/11/23,SW 68TH CT,Portland,97223,OR,373-586-8954,
