0,Universal Remote Control - 48-Device Universal Remote - Black,299.98,
1,Outdoor Tech Buckshot Pro Bluetooth Speaker,55.99,
2,House of Marley Smile Jamaica In-Ear Earbuds,16.99,
3,MartinLogan - Dynamo 1000 12 1000-Watt Powered Subwoofer - Black",999.99,
4,Details About Panamax Mr4000 8outlets Surge Protector Home Theater Power Line Management,199.98,
5,Power Acoustik - Gothic Series 10 Dual-Voice-Coil 2-Ohm Subwoofer - Black",72.66,
6,T92UWH Portable Tripod Screen (45x80),136.54,
7,Details About Openbox Excellent: Alienware Aw2518h 25 Led Fhd Gsync Monitor Black",618,
8,PowerShot G5 X Digital Camera Free Accessory Kit,923.5,
9,Details About Openbox Excellent: Alienware Aw2518h 25 Led Fhd Gsync Monitor Black",549,
10,Boytone - 2500W 2.1-Ch. Home Theater System - Black Diamond,69,
11,Air-Fi Runaway AF32 Stereo Bluetooth Wireless Headphones with Hidden Microphone (Black and Red),29.99,
12,SlideLITE Camera Strap SLL-1 (Black),49.95,
13,Boytone - 2500W 2.1-Ch. Home Theater System - Black Diamond,66,
14,Russound - Acclaim 5 Series 6-1/2 Indoor/Outdoor Speaker (Each) - White",99.79,
15,UBD-M9500 HDR UHD Upscaling Blu-ray Disc Player,193.95,
16,T92UWH Portable Tripod Screen (45x80),129.95,
17,Details About Openbox Excellent: Alienware Aw2518h 25 Led Fhd Gsync Monitor Black",489,
18,Microsoft Surface Pro 4 Type Cover with Fingerprint ID,159.99,
19,Leviathan Elite Gaming Soundbar,170.99,
20,Sony - Shake Audio System - Black,499.99,
21,Details About Openbox Excellent: Alienware Aw2518h 25 Led Fhd Gsync Monitor Black",549,
22,Sony - Shake Audio System - Black,499.99,
23,SRS-ZR7 Wireless Speaker,248,
24,Corsair Vengeance LPX 16GB (2x8GB) DDR4 DRAM 3000MHz C15 Desktop Memory Kit - Black (CMK16GX4M2B3000C15),151.99,
25,Details About Openbox Excellent: Alienware Aw2518h 25 Led Fhd Gsync Monitor Black",489,
26,PELICAN - ProGear Case for Most Tablets - Black,78.99,
27,Dell - P2418HT 24 IPS LED FHD Touch-Screen Monitor - Black",386.37,
28,Details About Openbox Excellent: Alienware Aw2518h 25 Led Fhd Gsync Monitor Black",639.99,
29,iSimple ISBC01 BluClik Bluetooth Remote Control with Steering Wheel and Dash Mounts,27.43,
30,UBD-M9500 HDR UHD Upscaling Blu-ray Disc Player,399.99,
31,UBD-M9500 HDR UHD Upscaling Blu-ray Disc Player,399.99,
32,Elite Screens - Spectrum Series 110 Motorized Projector Screen - Black",179.95,
33,Details About Alpine 480w 6.5 2way Typee Coaxial Car Speakers W/ Silk Tweeters | Spe6000",51.99,
34,PowerShot G5 X Digital Camera Free Accessory Kit,612.09,
35,Details About Samsung 24 Class Hd (720p) Smart Led Tv (un24m4500)",157.99,
36,SRS-ZR7 Wireless Speaker,245.99,
37,Sony Mini Digital Video Cassettes - DVC - 1 Hour,11.95,
38,Samsung - 50 Class (49.5" Diag.) - LED - 1080p - Smart - HDTV",529,
39,DreamWave - Tremor Portable Bluetooth Speaker - Green,Black,289.99,
40,Samsung-3-Pack-Connect-Home-Smart-Wi-Fi-System-AC1300,377.99,
41,UBD-M9500 HDR UHD Upscaling Blu-ray Disc Player,257.99,
42,DENAQ - AC Adapter for TOSHIBA SATELLITE 1700 1710 1715 1730 1735 1750 1755 1955 3000 3005 A100 M30X M35X - Black,20.99,
43,SVS - 12 500W Powered Subwoofer - Gloss piano black",849.98,
44,Air-Fi Runaway AF32 Stereo Bluetooth Wireless Headphones with Hidden Microphone (Black and Red),34.99,
45,Power Acoustik LP-3CSC License Plate with 2 Backup Sensors and CCD Camera, Chrome,297.29,
46,Details About New Nib Novatel 6620l Verizon 4g Lte Global Ready Jetpack Mifi Hotspot,79.98,
47,Belkin F4U095tt Thunderbolt 3 Express Dock HD with 3.3-Foot Thunderbolt 3 Cable,349.99,
48,Flipside 300 Backpack (Black),65.19,
49,251 Outdoor Environmental Speakers (White),398,
50,Russound - Acclaim 5 Series 5-1/4 2-Way Indoor/Outdoor Speakers (Pair) - White",160.79,
51,UBD-M9500 HDR UHD Upscaling Blu-ray Disc Player,193.95,
52,AudioQuest - GOLDG01R Golden Gate 1m (3.28 ft.) RCA Audio Cable - Red,69.99,
53,UBD-M9500 HDR UHD Upscaling Blu-ray Disc Player,296.99,
54,Yamaha WX-030BL MusicCast Wireless Speaker with Wi-Fi and Bluetooth (Black),249.95,
55,Power Acoustik - Gothic Series 10 Dual-Voice-Coil 2-Ohm Subwoofer - Black",72.66,
56,1TB T5 Portable Solid-State Drive (Black),349.99,
57,Transcend - JetDrive 420 480GB Internal Serial ATA III Solid State Drive for Select Apple® Computers,349.99,
58,Sony SRSHG1/BLK Hi-Res Wireless Speaker- Charcoal black,198,
59,Yamaha WX-030BL MusicCast Wireless Speaker with Wi-Fi and Bluetooth (Black),217.99,
60,Universal Remote Control - 48-Device Universal Remote - Black,254.99,
61,MTX - Dual 4 50W RMS Loudspeaker (Each) - Black",89.99,
62,Motorola Wi-Fi Pet Video Camera,99.99,
63,Lenovo - AC Adapter for Select Lenovo Yoga Laptops - Black,22.99,
64,Details About Alpine 480w 6.5 2way Typee Coaxial Car Speakers W/ Silk Tweeters | Spe6000",64.99,
65,1TB T5 Portable Solid-State Drive (Black),347.99,
66,UBD-M9500 HDR UHD Upscaling Blu-ray Disc Player,277.99,
67,Details About Openbox Excellent: Alienware Aw2518h 25 Led Fhd Gsync Monitor Black",571.37,
68,Details About Midland Wr120c Noaa Weather Alert Radio,29.99,
69,Details About Alpine 480w 6.5 2way Typee Coaxial Car Speakers W/ Silk Tweeters | Spe6000",80.99,
70,Corsair Vengeance LPX 16GB (2x8GB) DDR4 DRAM 3000MHz C15 Desktop Memory Kit - Black (CMK16GX4M2B3000C15),158.95,
71,MartinLogan - Dynamo 1000 12 1000-Watt Powered Subwoofer - Black",995,
72,PELICAN - ProGear Case for Most Tablets - Black,71.86,
73,UBD-M9500 HDR UHD Upscaling Blu-ray Disc Player,399.99,
74,Details About New Nib Novatel 6620l Verizon 4g Lte Global Ready Jetpack Mifi Hotspot,49.99,
75,VE278Q 27 Widescreen LCD Computer Display,180.99,
76,Details About *brand New* Pny Anarchy 16gb Kit (2x8gb) Ddr4 2400mhz Pc419200 Desktop Memory,153.95,
77,Elite Screens - Spectrum Series 110 Motorized Projector Screen - Black",267.38,
78,Sony Mini Digital Video Cassettes - DVC - 1 Hour,11.95,
79,Elite Screens - Spectrum Series 110 Motorized Projector Screen - Black",276.43,
80,Details About Midland Wr120c Noaa Weather Alert Radio,29.99,
81,Transcend - JetDrive 420 480GB Internal Serial ATA III Solid State Drive for Select Apple® Computers,289.99,
82,MTX - Dual 4 50W RMS Loudspeaker (Each) - Black",89.99,
83,Air-Fi Runaway AF32 Stereo Bluetooth Wireless Headphones with Hidden Microphone (Black and Red),80.74,
84,Details About Openbox Excellent: Alienware Aw2518h 25 Led Fhd Gsync Monitor Black",549,
85,Samsung - 50 Class (49.5" Diag.) - LED - 1080p - Smart - HDTV",497.99,
86,Details About Openbox Excellent: Alienware Aw2518h 25 Led Fhd Gsync Monitor Black",639.99,
87,Samsung-3-Pack-Connect-Home-Smart-Wi-Fi-System-AC1300,299.99,
88,PowerShot G5 X Digital Camera Free Accessory Kit,609.95,
89,iHome Rechargeable Splash Proof Stereo Bluetooth Speaker - Black (IBT33BC),49.99,
90,PowerShot G5 X Digital Camera Free Accessory Kit,619.5,
91,Outdoor Tech Buckshot Pro Bluetooth Speaker,56.99,
92,Corsair CMSA8GX3M2A1066C7 Apple 8 GB Dual Channel Kit DDR3 1066 (PC3 8500) 204-Pin DDR3 Laptop SO-DIMM Memory 1.5V,64.99,
93,CORSAIR VENGEANCE RGB 16GB (2x8GB) DDR4 3200MHz C16 Desktop Memory - Black,179.99,
94,SRS-XB40 Bluetooth Speaker (Black),114.99,
95,UBD-M9500 HDR UHD Upscaling Blu-ray Disc Player,313.99,
96,PELICAN - ProGear Case for Most Tablets - Black,71.86,
97,Kenwood KFC-1653MRW 6.5 2-way Marine Speakers Pair (White)",53.75,
98,Corsair Vengeance LPX 16GB (2x8GB) DDR4 DRAM 3000MHz C15 Desktop Memory Kit - Black (CMK16GX4M2B3000C15),162.99,
99,WD - My Passport X 3TB External USB 3.0 Portable Hard Drive - Black,115.99,
